
INSERT INTO `user` (`id`, `email`, `password`, `role`, `status`, `created_at`) VALUES
(1, 'admin@gmail.com', '21232f297a57a5a743894a0e4a801fc3', 'ADMIN', 'ACTIVE', '2024-08-21 06:10:53'),
(2, 'mathinyanantsoe1@gmail.com', '4bbde07660e5eff90873642cfae9a8dd', 'STUDENT', 'ACTIVE', '2024-08-21 06:10:53'),
(3, 'ayeyuaung2@gmail.com', '4bbde07660e5eff90873642cfae9a8dd', 'STUDENT', 'ACTIVE', '2024-08-21 06:10:53'),
(4, 'mgzawhtetaung3@gmail.com', '4bbde07660e5eff90873642cfae9a8dd', 'STUDENT', 'ACTIVE', '2024-08-21 06:10:53'),
(5, 'sumonthwe4@gmail.com', '4bbde07660e5eff90873642cfae9a8dd', 'STUDENT', 'ACTIVE', '2024-08-21 06:10:53'),
(6, 'masumyatnoe5@gmail.com', '4bbde07660e5eff90873642cfae9a8dd', 'STUDENT', 'ACTIVE', '2024-08-21 06:10:53'),
(7, 'khinpyaephyothaw6@gmail.com', '4bbde07660e5eff90873642cfae9a8dd', 'STUDENT', 'ACTIVE', '2024-08-21 06:10:53'),
(8, 'mashwepwinteain7@gmail.com', '4bbde07660e5eff90873642cfae9a8dd', 'STUDENT', 'ACTIVE', '2024-08-21 06:10:53'),
(9, 'mathirilwin8@gmail.com', '4bbde07660e5eff90873642cfae9a8dd', 'STUDENT', 'ACTIVE', '2024-08-21 06:10:53'),
(10, 'aungsi9@gmail.com', '4bbde07660e5eff90873642cfae9a8dd', 'STUDENT', 'ACTIVE', '2024-08-21 06:10:53'),
(11, 'maphooeishwesin10@gmail.com', '4bbde07660e5eff90873642cfae9a8dd', 'STUDENT', 'ACTIVE', '2024-08-21 06:10:53'),
(12, 'khinemyatthwe11@gmail.com', '4bbde07660e5eff90873642cfae9a8dd', 'STUDENT', 'ACTIVE', '2024-08-21 06:10:53'),
(13, 'mahninmonkyaw12@gmail.com', '4bbde07660e5eff90873642cfae9a8dd', 'STUDENT', 'ACTIVE', '2024-08-21 06:10:53'),
(14, 'maymyatmon13@gmail.com', '4bbde07660e5eff90873642cfae9a8dd', 'STUDENT', 'ACTIVE', '2024-08-21 06:10:53'),
(15, 'mathwelhmueeain14@gmail.com', '4bbde07660e5eff90873642cfae9a8dd', 'STUDENT', 'ACTIVE', '2024-08-21 06:10:53'),
(16, 'maleileiphyoe15@gmail.com', '4bbde07660e5eff90873642cfae9a8dd', 'STUDENT', 'ACTIVE', '2024-08-21 06:10:53'),
(17, 'thandarhtetaung16@gmail.com', '4bbde07660e5eff90873642cfae9a8dd', 'STUDENT', 'ACTIVE', '2024-08-21 06:10:53'),
(18, 'nanshwe17@gmail.com', '4bbde07660e5eff90873642cfae9a8dd', 'STUDENT', 'ACTIVE', '2024-08-21 06:10:53'),
(19, 'mgswanaungnaing18@gmail.com', '4bbde07660e5eff90873642cfae9a8dd', 'STUDENT', 'ACTIVE', '2024-08-21 06:10:53'),
(20, 'mathawtaraung19@gmail.com', '4bbde07660e5eff90873642cfae9a8dd', 'STUDENT', 'ACTIVE', '2024-08-21 06:10:53'),
(21, 'naylinaung20@gmail.com', '4bbde07660e5eff90873642cfae9a8dd', 'STUDENT', 'ACTIVE', '2024-08-21 06:10:53'),
(22, 'khanthtetpaing22@gmail.com', '4bbde07660e5eff90873642cfae9a8dd', 'STUDENT', 'ACTIVE', '2024-08-21 06:10:53'),
(23, 'hsuleihin24@gmail.com', '4bbde07660e5eff90873642cfae9a8dd', 'STUDENT', 'ACTIVE', '2024-08-21 06:10:53'),
(24, 'mgshinkhantkyaw25@gmail.com', '4bbde07660e5eff90873642cfae9a8dd', 'STUDENT', 'ACTIVE', '2024-08-21 06:10:53'),
(25, 'maymyatnoe26@gmail.com', '4bbde07660e5eff90873642cfae9a8dd', 'STUDENT', 'ACTIVE', '2024-08-21 06:10:53'),
(26, 'shinthanto27@gmail.com', '4bbde07660e5eff90873642cfae9a8dd', 'STUDENT', 'ACTIVE', '2024-08-21 06:10:53'),
(27, 'mawuthmoneaye28@gmail.com', '4bbde07660e5eff90873642cfae9a8dd', 'STUDENT', 'ACTIVE', '2024-08-21 06:10:53'),
(28, 'thetngonephuu29@gmail.com', '4bbde07660e5eff90873642cfae9a8dd', 'STUDENT', 'ACTIVE', '2024-08-21 06:10:53'),
(29, 'davidvanroceu30@gmail.com', '4bbde07660e5eff90873642cfae9a8dd', 'STUDENT', 'ACTIVE', '2024-08-21 06:10:53'),
(30, 'swelaenandar31@gmail.com', '4bbde07660e5eff90873642cfae9a8dd', 'STUDENT', 'ACTIVE', '2024-08-21 06:10:53'),
(31, 'htetlinnhtoo32@gmail.com', '4bbde07660e5eff90873642cfae9a8dd', 'STUDENT', 'ACTIVE', '2024-08-21 06:10:53'),
(32, 'mgsoemyattun33@gmail.com', '4bbde07660e5eff90873642cfae9a8dd', 'STUDENT', 'ACTIVE', '2024-08-21 06:10:53'),
(33, 'kaungkhantkyaw34@gmail.com', '4bbde07660e5eff90873642cfae9a8dd', 'STUDENT', 'ACTIVE', '2024-08-21 06:10:53'),
(34, 'ingyinaaye35@gmail.com', '4bbde07660e5eff90873642cfae9a8dd', 'STUDENT', 'ACTIVE', '2024-08-21 06:10:53'),
(35, 'sailinnhtut36@gmail.com', '4bbde07660e5eff90873642cfae9a8dd', 'STUDENT', 'ACTIVE', '2024-08-21 06:10:53'),
(36, 'mamadfoyas37@gmail.com', '4bbde07660e5eff90873642cfae9a8dd', 'STUDENT', 'ACTIVE', '2024-08-21 06:10:53'),
(37, 'mgnyanlintun38@gmail.com', '4bbde07660e5eff90873642cfae9a8dd', 'STUDENT', 'ACTIVE', '2024-08-21 06:10:53'),
(38, 'zawminaung39@gmail.com', '4bbde07660e5eff90873642cfae9a8dd', 'STUDENT', 'ACTIVE', '2024-08-21 06:10:53'),
(39, 'htooaungwin40@gmail.com', '4bbde07660e5eff90873642cfae9a8dd', 'STUDENT', 'ACTIVE', '2024-08-21 06:10:53'),
(40, 'minbamaw41@gmail.com', '4bbde07660e5eff90873642cfae9a8dd', 'STUDENT', 'ACTIVE', '2024-08-21 06:10:53'),
(41, 'winpapaaung42@gmail.com', '4bbde07660e5eff90873642cfae9a8dd', 'STUDENT', 'ACTIVE', '2024-08-21 06:10:53'),
(42, 'htunwinlatt43@gmail.com', '4bbde07660e5eff90873642cfae9a8dd', 'STUDENT', 'ACTIVE', '2024-08-21 06:10:53'),
(43, 'mgaungzayphyo44@gmail.com', '4bbde07660e5eff90873642cfae9a8dd', 'STUDENT', 'ACTIVE', '2024-08-21 06:10:53'),
(44, 'minkhaingthant45@gmail.com', '4bbde07660e5eff90873642cfae9a8dd', 'STUDENT', 'ACTIVE', '2024-08-21 06:10:53'),
(45, 'mykyawthuraaung46@gmail.com', '4bbde07660e5eff90873642cfae9a8dd', 'STUDENT', 'ACTIVE', '2024-08-21 06:10:53'),
(46, 'mgnaingtayza48@gmail.com', '4bbde07660e5eff90873642cfae9a8dd', 'STUDENT', 'ACTIVE', '2024-08-21 06:10:53'),
(47, 'nyominmaungmaung49@gmail.com', '4bbde07660e5eff90873642cfae9a8dd', 'STUDENT', 'ACTIVE', '2024-08-21 06:10:53'),
(48, 'mgminmyatthu52@gmail.com', '4bbde07660e5eff90873642cfae9a8dd', 'STUDENT', 'ACTIVE', '2024-08-21 06:10:53'),
(49, 'phyonaingsoe53@gmail.com', '4bbde07660e5eff90873642cfae9a8dd', 'STUDENT', 'ACTIVE', '2024-08-21 06:10:53'),
(50, 'cherrywin54@gmail.com', '4bbde07660e5eff90873642cfae9a8dd', 'STUDENT', 'ACTIVE', '2024-08-21 06:10:53'),
(51, 'maythinikhine55@gmail.com', '4bbde07660e5eff90873642cfae9a8dd', 'STUDENT', 'ACTIVE', '2024-08-21 06:10:53'),
(52, 'maphuephuezin56@gmail.com', '4bbde07660e5eff90873642cfae9a8dd', 'STUDENT', 'ACTIVE', '2024-08-21 06:10:53'),
(53, 'zinmyotun57@gmail.com', '4bbde07660e5eff90873642cfae9a8dd', 'STUDENT', 'ACTIVE', '2024-08-21 06:10:53'),
(54, 'mgphyomyatmin58@gmail.com', '4bbde07660e5eff90873642cfae9a8dd', 'STUDENT', 'ACTIVE', '2024-08-21 06:10:53'),
(55, 'mahninayeayewai59@gmail.com', '4bbde07660e5eff90873642cfae9a8dd', 'STUDENT', 'ACTIVE', '2024-08-21 06:10:53'),
(56, 'bhonemyatthu60@gmail.com', '4bbde07660e5eff90873642cfae9a8dd', 'STUDENT', 'ACTIVE', '2024-08-21 06:10:53'),
(57, 'paingheinkyaw61@gmail.com', '4bbde07660e5eff90873642cfae9a8dd', 'STUDENT', 'ACTIVE', '2024-08-21 06:10:53'),
(58, 'mathidaayemin62@gmail.com', '4bbde07660e5eff90873642cfae9a8dd', 'STUDENT', 'ACTIVE', '2024-08-21 06:10:53'),
(60, 'drmonmonzaw@gmail.com', 'f96f688f2345e3d442e75fb611212c0c', 'INSTRUCTOR', 'ACTIVE', '2024-08-21 06:10:53'),
(61, 'drayechanmon@gmail.com', 'f96f688f2345e3d442e75fb611212c0c', 'INSTRUCTOR', 'ACTIVE', '2024-08-21 06:10:53'),
(62, 'dawnge@gmail.com', 'f96f688f2345e3d442e75fb611212c0c', 'INSTRUCTOR', 'ACTIVE', '2024-08-21 06:10:53'),
(63, 'dawwynesoe@gmail.com', 'f96f688f2345e3d442e75fb611212c0c', 'INSTRUCTOR', 'ACTIVE', '2024-08-21 06:10:53');

TRUNCATE TABLE `student`;


INSERT INTO `student` (`id`, `name`, `nrc`, `role_no`, `phone`, `family_phone`, `gender`, `date_of_birth`, `address`) VALUES
(2, 'Ma Thin Yanant Soe', '12/KAMA(N)348726', 'II IT-1', '09123456789', '09123456789', 'FEMALE', '2003-05-14', '123 Main St, Yangon'),
(3, 'Aye Yu Aung', '12/BAHA(N)124579', 'II IT-2', '09234567890', '09234567890', 'MALE', '2002-11-23', '456 Elm St, Yangon'),
(4, 'Mg Zaw Htet Aung', '12/INSE(N)563214', 'II IT-3', '09345678901', '09345678901', 'MALE', '2003-08-07', '789 Pine St, Yangon'),
(5, 'Su Mon Thwe', '12/HLAI(N)762134', 'II IT-4', '09456789012', '09456789012', 'FEMALE', '2003-02-15', '101 Maple St, Yangon'),
(6, 'Ma Su Myat Noe', '12/DAGO(N)891236', 'II IT-5', '09567890123', '09567890123', 'FEMALE', '2003-07-29', '202 Oak St, Yangon'),
(7, 'Khin Pyae Phyo Thaw', '12/TAMA(N)237849', 'II IT-6', '09678901234', '09678901234', 'MALE', '2002-12-03', '303 Birch St, Yangon'),
(8, 'Ma Shwe Pwint Eain', '12/KAMA(N)654231', 'II IT-7', '09789012345', '09789012345', 'FEMALE', '2003-09-16', '404 Cedar St, Yangon'),
(9, 'Ma Thiri Lwin', '12/BAHA(N)914783', 'II IT-8', '09890123456', '09890123456', 'FEMALE', '2003-06-25', '505 Walnut St, Yangon'),
(10, 'Aung Si Phyo', '12/INSE(N)482167', 'II IT-9', '09901234567', '09901234567', 'MALE', '2002-10-12', '606 Chestnut St, Yangon'),
(11, 'Ma Phoo Ei Shwe Sin', '12/HLAI(N)375829', 'II IT-10', '09112345678', '09112345678', 'FEMALE', '2003-01-18', '707 Fir St, Yangon'),
(12, 'Khine Myat Thwe', '12/DAGO(N)134789', 'II IT-11', '09223456789', '09223456789', 'MALE', '2002-05-09', '808 Spruce St, Yangon'),
(13, 'Ma Hnin Mon Kyaw', '12/TAMA(N)586921', 'II IT-12', '09334567890', '09334567890', 'FEMALE', '2003-03-22', '909 Redwood St, Yangon'),
(14, 'May Myat Mon', '4/CHANYE(N)738416', 'II IT-13', '09445678901', '09445678901', 'FEMALE', '2003-08-05', '1001 Ash St, Yangon'),
(15, 'Ma Thwel Hmue Eain', '4/AUNGMY(N)297583', 'II IT-14', '09556789012', '09556789012', 'FEMALE', '2003-04-14', '1102 Willow St, Yangon'),
(16, 'Ma Lei Lei Phyoe', '4/MAHA(N)647923', 'II IT-15', '09667890123', '09667890123', 'FEMALE', '2003-07-30', '1203 Poplar St, Yangon'),
(17, 'Thandar Htet Aung', '4/PYIGYI(N)349781', 'II IT-16', '09778901234', '09778901234', 'MALE', '2002-11-12', '1304 Elm St, Yangon'),
(18, 'Nan Shwe Sin', '4/CHANYE(N)582396', 'II IT-17', '09889012345', '09889012345', 'FEMALE', '2003-05-26', '1405 Oak St, Yangon'),
(19, 'Mg Swan Aung Naing', '4/AUNGMY(N)438752', 'II IT-18', '09990123456', '09990123456', 'MALE', '2002-09-19', '1506 Birch St, Yangon'),
(20, 'Ma thaw tar aung', '4/MAHA(N)695824', 'II IT-19', '09123456780', '09123456780', 'MALE', '2003-02-22', '1607 Cedar St, Yangon'),
(21, 'Nay Lin Aung', '4/PYIGYI(N)127653', 'II IT-20', '09234567801', '09234567801', 'MALE', '2003-03-08', '1708 Walnut St, Yangon'),
(22, 'Khant Htet Paing', '9/PATHA(N)846529', 'II IT-22', '09345678912', '09345678912', 'MALE', '2002-12-21', '1809 Chestnut St, Yangon'),
(23, 'Hsu Lei Hnin', '9/HINTHA(N)918274', 'II IT-24', '09456789023', '09456789023', 'FEMALE', '2003-06-01', '1910 Fir St, Yangon'),
(24, 'Mg Shin Khant Kyaw', '9/MAUBI(N)378492', 'II IT-25', '09567890134', '09567890134', 'MALE', '2002-10-20', '2021 Spruce St, Yangon'),
(25, 'May Myat Noe', '9/MYAUN(N)264718', 'II IT-26', '09678901245', '09678901245', 'FEMALE', '2003-01-30', '2122 Redwood St, Yangon'),
(26, 'Shin Thant Oo', '9/PATHA(N)539672', 'II IT-27', '09789012356', '09789012356', 'MALE', '2003-07-12', '2223 Ash St, Yangon'),
(27, 'Ma Wut Hmone Aye', '9/HINTHA(N)784621', 'II IT-28', '09890123467', '09890123467', 'FEMALE', '2003-02-09', '2324 Willow St, Yangon'),
(28, 'Thet Ngone Phuu', '9/MAUBI(N)316498', 'II IT-29', '09901234578', '09901234578', 'MALE', '2003-05-17', '789 Elm St, Yangon'),
(29, 'David Van Ro Ceu', '9/MYAUN(N)932647', 'II IT-30', '09123456791', '09123456791', 'MALE', '2003-08-09', '1011 Cedar St, Yangon'),
(30, 'Swe Lae Nandar', '12/KAMA(N)728134', 'II IT-31', '09234567892', '09234567892', 'FEMALE', '2003-04-21', '1213 Maple St, Yangon'),
(31, 'Htet Linn Htoo', '12/BAHA(N)451927', 'II IT-32', '09345678923', '09345678923', 'MALE', '2003-07-19', '1415 Oak St, Yangon'),
(32, 'Mg Soe Myat Tun', '12/INSE(N)368549', 'II IT-33', '09456789034', '09456789034', 'MALE', '2003-06-13', '1617 Birch St, Yangon'),
(33, 'Kaung Khant Kyaw', '12/HLAI(N)591283', 'II IT-34', '09567890145', '09567890145', 'MALE', '2003-05-30', '1819 Pine St, Yangon'),
(34, 'Ingyin Aye', '12/DAGO(N)278435', 'II IT-35', '09678901256', '09678901256', 'FEMALE', '2003-08-12', '2021 Elm St, Yangon'),
(35, 'Sailinnhtut', '12/TAMA(N)439672', 'II IT-36', '09999999935', '09123456789', 'MALE', '2003-11-03', '2223 Cedar St, Yangon'),
(36, 'Mamad Foyas', '14/MYIT(N)156839', 'II IT-37', '09999999936', '09123456788', 'MALE', '2002-10-23', '2425 Oak St, Yangon'),
(37, 'Mg Nyan Lin Tun', '14/BHAM(N)892637', 'II IT-38', '09999999937', '09123456787', 'MALE', '2002-12-08', '2627 Birch St, Yangon'),
(38, 'Zaw Min Aung', '14/PUTA(N)734256', 'II IT-39', '09999999938', '09123456786', 'MALE', '2003-02-05', '2829 Pine St, Yangon'),
(39, 'Htoo Aung Win', '14/MOHN(N)589134', 'II IT-40', '09999999939', '09123456785', 'MALE', '2003-01-19', '3031 Elm St, Yangon'),
(40, 'Min Ba Maw', '14/MYIT(N)613742', 'II IT-41', '09999999940', '09123456784', 'MALE', '2002-11-29', '3233 Cedar St, Yangon'),
(41, 'Win Pa Pa Aung', '14/BHAM(N)529781', 'II IT-42', '09999999941', '09123456783', 'MALE', '2002-09-10', '3435 Oak St, Yangon'),
(42, 'Htun Win Latt', '14/PUTA(N)874329', 'II IT-43', '09999999942', '09123456782', 'MALE', '2003-03-22', '3637 Birch St, Yangon'),
(43, 'Mg Aung Zay Phyo', '14/MOHN(N)365872', 'II IT-44', '09999999943', '09123456781', 'MALE', '2003-04-11', '3839 Pine St, Yangon'),
(44, 'Min Khaing Thant', '14/MYIT(N)498251', 'II IT-45', '09999999944', '09123456780', 'MALE', '2002-08-06', '4041 Elm St, Yangon'),
(45, 'My Kyaw Thura Aung', '14/BHAM(N)234569', 'II IT-46', '09999999945', '09123456779', 'MALE', '2003-02-27', '4243 Cedar St, Yangon'),
(46, 'Mg Naing Tayza', '14/PUTA(N)891372', 'II IT-48', '09999999946', '09123456778', 'MALE', '2002-10-12', '4445 Oak St, Yangon'),
(47, 'Nyo Min Maung Maung', '14/MOHN(N)517638', 'II IT-49', '09999999947', '09123456777', 'MALE', '2003-07-20', '4647 Birch St, Yangon'),
(48, 'Mg Min Myat Thu', '7/BAGO(N)296754', 'II IT-52', '09999999948', '09123456776', 'MALE', '2004-01-15', '4849 Pine St, Yangon'),
(49, 'Phyo Naing Soe', '7/THARY(N)674328', 'II IT-53', '09999999949', '09123456775', 'MALE', '2003-12-09', '5051 Elm St, Yangon'),
(50, 'Cherry Win', '7/PAUNG(N)438251', 'II IT-54', '09999999950', '09123456774', 'FEMALE', '2003-11-21', '5253 Cedar St, Yangon'),
(51, 'MayThinKhine', '7/NYAUN(N)519374', 'II IT-55', '09999999951', '09123456773', 'FEMALE', '2003-10-14', '5455 Oak St, Yangon'),
(52, 'Ma Phue Phue Zin', '7/BAGO(N)287134', 'II IT-56', '09999999952', '09123456772', 'FEMALE', '2003-05-04', '5657 Birch St, Yangon'),
(53, 'Zin Myo Tun', '7/THARY(N)394587', 'II IT-57', '09999999953', '09123456771', 'MALE', '2003-06-19', '5859 Pine St, Yangon'),
(54, 'Mg Phyo Myat Min', '7/PAUNG(N)645182', 'II IT-58', '09999999954', '09123456770', 'MALE', '2003-09-09', '6061 Birch St, Yangon'),
(55, 'Ma Hnin Aye Aye Wai', '7/NYAUN(N)812365', 'II IT-59', '09999999955', '09123456769', 'FEMALE', '2003-07-30', '6263 Oak St, Yangon'),
(56, 'Bhone Myat Thu', '7/BAGO(N)529348', 'II IT-60', '09999999956', '09123456768', 'MALE', '2003-06-25', '6465 Pine St, Yangon'),
(57, 'Paing Hein Kyaw', '1/MONY(N)368294', 'II IT-ext 2', '09999999957', '09123456767', 'MALE', '2004-03-15', '6667 Elm St, Yangon'),
(58, 'Ma Thida Aye Min', '1/SHWE(N)491837', 'II IT-Ext 3', '09999999958', '09123456766', 'FEMALE', '2004-02-20', '6869 Birch St, Yangon');

TRUNCATE TABLE `instructor`;

INSERT INTO `instructor` (`id`, `name`, `nrc`, `gender`, `date_of_birth`, `phone`, `address`, `created_at`) VALUES
(60, 'Dr Mon Mon Zaw', '12/KAMA(N)234567', 'FEMALE', '1990-08-01', '099988383737', 'Yangon', '2024-08-21 12:20:01'),
(61, 'Dr Aye Chan Mon', '12/TARM(N)654321', 'FEMALE', '1991-07-05', '097878787878', 'Tarmwe', '2024-08-21 12:20:01'),
(62, 'Daw Nge', '8/EYWY(N)987654', 'FEMALE', '1988-06-01', '097878787676', 'Yangon', '2024-08-21 12:22:06'),
(63, 'Daw Wyne Soe', '7/BGO(N)765433', 'FEMALE', '1992-08-29', '09254545656', 'Bago', '2024-08-21 12:22:06');

TRUNCATE TABLE `subject`;

INSERT INTO `subject` (`id`, `code`, `name`, `instructor_id`, `created_at`) VALUES
(1, 'IT-21012', 'Data Communication', 60, '2024-08-19 08:38:12'),
(2, 'IT-21025', 'Web Development', 61, '2024-08-19 08:38:20'),
(3, 'IT-21015', 'Programming Language In C++', 61, '2024-08-19 08:38:34'),
(4, 'IT-21021', 'Digital Logic and Design', 62, '2024-08-19 08:38:47'),
(5, 'IT-21011', 'Basic Electricity and Electronics', 63, '2024-08-19 08:38:55');


INSERT INTO `term` (`id`, `name`, `start_date`, `end_date`, `created_at`) VALUES
(1, '2023-2024 Second Year First Term', '2024-05-01', '2024-06-30', '2024-08-24 13:49:35'),
(2, '2023-2024 Second Year Second Term', '2024-07-01', '2024-08-31', '2024-08-24 13:50:34');



INSERT INTO `term_has_subject` (`term_id`, `subject_id`) VALUES
(1, 1),
(1, 2),
(1, 3),
(1, 4),
(1, 5),
(2, 1),
(2, 2),
(2, 3),
(2, 4),
(2, 5);



INSERT INTO `term_has_student` (`term_id`, `student_id`) VALUES
(1, 2),
(1, 3),
(1, 4),
(1, 5),
(1, 6),
(1, 7),
(1, 8),
(1, 9),
(1, 10),
(1, 11),
(1, 12),
(1, 13),
(1, 14),
(1, 15),
(1, 16),
(1, 17),
(1, 18),
(1, 19),
(1, 20),
(1, 21),
(1, 22),
(1, 23),
(1, 24),
(1, 25),
(1, 26),
(1, 27),
(1, 28),
(1, 29),
(1, 30),
(1, 31),
(1, 32),
(1, 33),
(1, 34),
(1, 35),
(1, 36),
(1, 37),
(1, 38),
(1, 39),
(1, 40),
(1, 41),
(1, 42),
(1, 43),
(1, 44),
(1, 45),
(1, 46),
(1, 47),
(1, 48),
(1, 49),
(1, 50),
(1, 51),
(1, 52),
(1, 53),
(1, 54),
(1, 55),
(1, 56),
(1, 57),
(1, 58),
(2, 2),
(2, 3),
(2, 4),
(2, 5),
(2, 6),
(2, 7),
(2, 8),
(2, 9),
(2, 10),
(2, 11),
(2, 12),
(2, 13),
(2, 14),
(2, 15),
(2, 16),
(2, 17),
(2, 18),
(2, 19),
(2, 20),
(2, 21),
(2, 22),
(2, 23),
(2, 24),
(2, 25),
(2, 26),
(2, 27),
(2, 28),
(2, 29),
(2, 30),
(2, 31),
(2, 32),
(2, 33),
(2, 34),
(2, 35),
(2, 36),
(2, 37),
(2, 38),
(2, 39),
(2, 40),
(2, 41),
(2, 42),
(2, 43),
(2, 44),
(2, 45),
(2, 46),
(2, 47),
(2, 48),
(2, 49),
(2, 50),
(2, 51),
(2, 52),
(2, 53),
(2, 54),
(2, 55),
(2, 56),
(2, 57),
(2, 58);





INSERT INTO `roll_call` (`id`, `date`, `start_time`, `end_time`, `status`, `created_at`, `instructor_id`, `subject_id`, `attendance_code`, `term_id`) VALUES
(1, '2024-07-01', '09:04:00', '10:00:00', 'CLOSED', '2024-08-24 14:04:47', 60, 1, '84867742-3a1a-4742-981b-563c0b754373', 2),
(2, '2024-07-02', '13:36:00', '15:00:00', 'CLOSED', '2024-08-24 14:07:06', 60, 1, '1f39479f-b6fb-4838-9bb7-fb098ed04841', 2),
(3, '2024-07-04', '09:09:00', '11:00:00', 'CLOSED', '2024-08-24 15:18:53', 60, 1, '28812523-3261-434b-a1cf-2820baf5adae', 2),
(4, '2024-07-05', '13:00:00', '14:01:00', 'CLOSED', '2024-08-24 15:19:22', 60, 1, 'ddac531d-74a8-4792-9fb2-e4608895c52d', 2),
(5, '2024-07-08', '09:00:00', '10:00:00', 'CLOSED', '2024-08-24 15:19:57', 60, 1, '7099b065-3ec9-4dc1-911c-bde70aaad719', 2),
(6, '2024-07-09', '13:00:00', '15:00:00', 'CLOSED', '2024-08-24 15:20:24', 60, 1, 'e71977de-27b4-41ee-8842-10b98cfde5f3', 2),
(7, '2024-07-11', '09:00:00', '11:00:00', 'CLOSED', '2024-08-24 15:20:58', 60, 1, '006bd989-f414-4430-87e9-f72dda817b8a', 2),
(8, '2024-07-12', '13:00:00', '14:00:00', 'CLOSED', '2024-08-24 15:21:23', 60, 1, 'a960b0a7-15a8-4d13-97c3-e2547fa83708', 2),
(9, '2024-07-15', '09:02:00', '10:01:00', 'CLOSED', '2024-08-24 15:21:54', 60, 1, '3307af7f-2f63-4bfc-b428-37acb81c1798', 2),
(10, '2024-07-16', '13:01:00', '15:00:00', 'CLOSED', '2024-08-24 15:22:21', 60, 1, '0ce370de-70c4-4a01-90a0-2e1c4d38d51a', 2),
(11, '2024-07-18', '09:01:00', '23:52:00', 'CLOSED', '2024-08-24 15:22:50', 60, 1, 'c02b9920-0cb6-4c5a-9a65-99906d02ffa7', 2),
(12, '2024-07-19', '13:01:00', '14:01:00', 'CLOSED', '2024-08-24 15:23:12', 60, 1, '00765d82-74fd-4866-a29f-dd207603ba52', 2),
(13, '2024-07-22', '09:01:00', '10:59:00', 'CLOSED', '2024-08-24 15:23:51', 60, 1, 'd9f40a6c-3f80-427c-aa69-d32757cd184e', 2),
(14, '2024-07-23', '13:03:00', '15:00:00', 'CLOSED', '2024-08-24 15:24:13', 60, 1, '668da48a-3a28-49a9-93d4-8ba58b84956a', 2),
(15, '2024-07-25', '09:00:00', '11:00:00', 'CLOSED', '2024-08-24 15:25:08', 60, 1, '7addbdcd-252a-40b3-b698-aca429df05bb', 2),
(16, '2024-07-26', '13:00:00', '14:00:00', 'CLOSED', '2024-08-24 15:25:30', 60, 1, '0af2ae48-38dd-4b14-b291-05cd8b406f0a', 2),
(17, '2024-07-29', '09:00:00', '22:00:00', 'CLOSED', '2024-08-24 15:25:55', 60, 1, 'aa05a291-7740-4eeb-a8a7-6b0c2f1aac97', 2),
(18, '2024-07-30', '13:01:00', '15:01:00', 'CLOSED', '2024-08-24 15:26:20', 60, 1, 'a4e648be-f0a8-40bb-9060-6a2032a50928', 2),
(19, '2024-08-01', '09:05:00', '11:05:00', 'CLOSED', '2024-08-24 15:35:50', 60, 1, '390f3f8c-fe4c-4125-a3ca-49a3c9381b68', 2),
(20, '2024-08-02', '13:05:00', '14:06:00', 'CLOSED', '2024-08-24 15:36:09', 60, 1, '55a3ea06-ba21-4e24-8355-154ba61a53d8', 2),
(21, '2024-08-05', '21:04:00', '22:06:00', 'CLOSED', '2024-08-24 15:36:33', 60, 1, 'ac3ff05d-7cbf-4e92-8660-fb1079bbb37e', 2),
(22, '2024-08-06', '13:06:00', '15:06:00', 'CLOSED', '2024-08-24 15:36:51', 60, 1, '3623444d-788c-440e-82c0-f669865fb4d0', 2),
(23, '2024-08-08', '09:05:00', '11:07:00', 'CLOSED', '2024-08-24 15:37:30', 60, 1, '76ce9ad3-64e0-4d2a-91d4-0fe1051c60ef', 2),
(24, '2024-08-09', '13:05:00', '14:04:00', 'CLOSED', '2024-08-24 15:37:52', 60, 1, '2824f215-14af-4c35-983b-7fe5506bfc35', 2),
(25, '2024-08-12', '09:03:00', '10:08:00', 'CLOSED', '2024-08-24 15:38:31', 60, 1, '39c2f531-9a8c-4e99-94fa-ecc4c46f2390', 2),
(26, '2024-08-15', '09:04:00', '11:08:00', 'CLOSED', '2024-08-24 15:39:10', 60, 1, '34a78082-89f9-436e-ba13-8aa37fba380e', 2),
(27, '2024-08-16', '13:09:00', '14:09:00', 'CLOSED', '2024-08-24 15:39:27', 60, 1, '008ae153-5468-40f1-80f8-737dab58e367', 2),
(28, '2024-08-19', '09:09:00', '10:09:00', 'CLOSED', '2024-08-24 15:39:54', 60, 1, '857a5e09-b968-4297-91c8-1c69c84f211e', 2),
(29, '2024-08-20', '13:10:00', '14:10:00', 'CLOSED', '2024-08-24 15:40:12', 60, 1, 'abeb5abc-0742-4cf3-8a60-68a39dca2690', 2),
(30, '2024-08-22', '09:06:00', '11:10:00', 'CLOSED', '2024-08-24 15:40:38', 60, 1, 'd9b82c63-03f6-446f-bb1b-fb69c41aaba1', 2),
(31, '2024-08-23', '13:03:00', '14:04:00', 'CLOSED', '2024-08-24 15:41:13', 60, 1, '85994926-ec80-45c3-a09e-83f16f8916d8', 2),
(32, '2024-08-27', '13:01:00', '14:06:00', 'CLOSED', '2024-08-24 15:41:39', 60, 1, '1f3be2a2-e633-4413-a7a7-cd38c7f80c02', 2),
(33, '2024-08-29', '09:04:00', '23:04:00', 'CLOSED', '2024-08-24 15:42:02', 60, 1, 'db84f1aa-c25d-47b7-97b7-d0d7eb4c1c9a', 2),
(34, '2024-08-30', '13:04:00', '14:05:00', 'CLOSED', '2024-08-24 15:42:26', 60, 1, '87bfc8a7-5fbb-446b-81d5-254c3cc7c815', 2),
(35, '2024-07-01', '10:06:00', '12:18:00', 'CLOSED', '2024-08-24 15:48:34', 61, 2, '72191a84-65db-45c4-8030-ee6e00eb1683', 2),
(36, '2024-07-02', '09:18:00', '11:18:00', 'CLOSED', '2024-08-24 15:49:01', 61, 3, '8ba17013-792b-4404-88dc-6c885d8d67af', 2),
(37, '2024-07-03', '10:19:00', '12:19:00', 'CLOSED', '2024-08-24 15:49:37', 61, 2, 'bc4449d6-0905-4d63-980b-955d02bc3959', 2),
(38, '2024-07-04', '11:19:00', '00:19:00', 'CLOSED', '2024-08-24 15:49:59', 61, 3, '44978314-2ca7-408a-ae33-c4b40ad6c5d4', 2),
(39, '2024-07-05', '09:20:00', '10:20:00', 'CLOSED', '2024-08-24 15:50:29', 61, 2, '4803d10c-6dcc-468f-8a55-f4d17a06a151', 2),
(40, '2024-07-05', '14:20:00', '15:20:00', 'CLOSED', '2024-08-24 15:50:56', 61, 3, '53739e31-f48f-4c7e-bd58-baee8300f5e4', 2),
(41, '2024-07-08', '10:21:00', '12:21:00', 'CLOSED', '2024-08-24 15:51:18', 61, 2, '00c87c06-42b5-4e17-90fa-5b8d99cc3b2b', 2),
(42, '2024-07-09', '09:21:00', '11:21:00', 'CLOSED', '2024-08-24 15:51:42', 61, 3, 'a2aea73e-02dc-4a69-adee-5a49ef6dbf05', 2),
(43, '2024-07-10', '10:22:00', '12:22:00', 'CLOSED', '2024-08-24 15:52:33', 61, 2, '7a7188f5-6c5c-4163-af31-d56d6805e622', 2),
(44, '2024-07-11', '11:22:00', '12:22:00', 'CLOSED', '2024-08-24 15:53:00', 61, 3, 'c5a4829b-4105-4ebc-9724-8b17c9ff247c', 2),
(45, '2024-07-12', '09:23:00', '10:23:00', 'CLOSED', '2024-08-24 15:53:35', 61, 2, '4be3bba0-f941-4814-8ad0-a79946db301c', 2),
(46, '2024-07-12', '14:23:00', '15:23:00', 'CLOSED', '2024-08-24 15:53:54', 61, 3, 'c7e1bd49-2359-4b12-bd97-32d753a6d7a0', 2),
(47, '2024-07-15', '10:24:00', '12:24:00', 'CLOSED', '2024-08-24 15:54:17', 61, 2, 'b3b9738b-2185-4462-9e19-98f2199dea67', 2),
(48, '2024-07-16', '09:24:00', '22:24:00', 'CLOSED', '2024-08-24 15:54:40', 61, 3, 'a6a01f10-cfdf-42a5-901a-16ca63d5792c', 2),
(49, '2024-07-17', '10:24:00', '12:24:00', 'CLOSED', '2024-08-24 15:55:02', 61, 2, '92d706da-70ea-4299-92e7-a8aff0ac4a1e', 2),
(50, '2024-07-18', '11:25:00', '12:25:00', 'CLOSED', '2024-08-24 15:55:22', 61, 3, '9e33523e-0ac0-4ed9-9f23-da250ac76b68', 2),
(51, '2024-07-19', '09:25:00', '10:25:00', 'CLOSED', '2024-08-24 15:55:46', 61, 2, 'bde8c742-d96c-4bb1-8369-bad0a2bae125', 2),
(52, '2024-07-19', '14:25:00', '15:25:00', 'CLOSED', '2024-08-24 15:56:06', 61, 3, '8745b75a-5c95-48f8-89f5-c320096b02c9', 2),
(53, '2024-07-22', '10:26:00', '12:26:00', 'CLOSED', '2024-08-24 15:56:31', 61, 2, '531cf74b-3d70-49b8-92df-256ee74ccb92', 2),
(54, '2024-07-23', '09:26:00', '11:26:00', 'CLOSED', '2024-08-24 15:56:52', 61, 3, 'e0e987d2-c00d-499a-a33f-223760ead632', 2),
(55, '2024-07-24', '10:27:00', '12:27:00', 'CLOSED', '2024-08-24 15:57:10', 61, 2, '8ada247a-6c82-499b-a442-c81c30beaf1e', 2),
(56, '2024-07-25', '11:27:00', '12:27:00', 'CLOSED', '2024-08-24 15:57:29', 61, 3, '263301a7-6137-40e7-a08d-28615f3ebf81', 2),
(57, '2024-07-26', '09:27:00', '10:27:00', 'CLOSED', '2024-08-24 15:57:51', 61, 2, '9bbe74f2-a3fe-4d1b-b2f0-25b5c5bead7b', 2),
(58, '2024-07-26', '14:28:00', '15:28:00', 'CLOSED', '2024-08-24 15:58:11', 61, 3, '5d83efd8-375f-42ba-af88-28860e63a5b5', 2),
(59, '2024-07-29', '10:28:00', '12:28:00', 'CLOSED', '2024-08-24 15:58:32', 61, 2, 'f1e742c4-c0c3-46ea-be85-7dfb623ce1a7', 2),
(60, '2024-07-30', '09:28:00', '11:28:00', 'CLOSED', '2024-08-24 15:58:52', 61, 3, 'dd3e782f-da16-4abd-8361-5ddf616fcb46', 2),
(61, '2024-07-31', '10:29:00', '12:29:00', 'CLOSED', '2024-08-24 15:59:09', 61, 2, 'fde76d6d-2dcc-4df0-bb5c-2389b149305b', 2),
(62, '2024-08-01', '11:38:00', '00:38:00', 'CLOSED', '2024-08-25 01:08:40', 61, 3, '1fa94c7d-96e3-44e7-a5ff-e83cae383b6b', 2),
(63, '2024-08-02', '09:27:00', '10:38:00', 'CLOSED', '2024-08-25 01:09:05', 61, 2, 'e4f9b2fd-07ee-40ec-aece-6936d34aa48d', 2),
(64, '2024-08-02', '14:00:00', '15:39:00', 'CLOSED', '2024-08-25 01:09:37', 61, 3, '60df823f-924a-45eb-86f7-7aa6ecbe352e', 2),
(65, '2024-08-05', '10:39:00', '00:39:00', 'CLOSED', '2024-08-25 01:10:00', 61, 2, 'cd6d2206-6570-4088-a014-d899cd292b18', 2),
(66, '2024-08-06', '09:40:00', '10:40:00', 'CLOSED', '2024-08-25 01:10:18', 61, 3, '0e44e461-23ad-4dc6-ac46-42c5b68898b7', 2),
(67, '2024-08-07', '10:40:00', '00:40:00', 'CLOSED', '2024-08-25 01:10:41', 61, 2, '3d6f4623-0586-4227-9b0b-b5b2e5f664c4', 2),
(68, '2024-08-08', '11:40:00', '00:40:00', 'CLOSED', '2024-08-25 01:11:00', 61, 3, '7313a991-2d87-4cb1-b62c-98249a125ec9', 2),
(69, '2024-08-09', '09:41:00', '10:41:00', 'CLOSED', '2024-08-25 01:11:32', 61, 2, '0e5d0e36-c9d4-4fc3-a9cd-c211256b8571', 2),
(70, '2024-08-09', '14:41:00', '15:41:00', 'CLOSED', '2024-08-25 01:11:49', 61, 3, '947131ca-f25b-45c4-b378-b8f7de38dcaa', 2),
(71, '2024-08-12', '10:02:00', '12:02:00', 'CLOSED', '2024-08-25 01:32:38', 61, 2, 'bd4452f6-9aa3-47cb-9088-03722567a0d0', 2),
(72, '2024-08-13', '09:02:00', '11:02:00', 'CLOSED', '2024-08-25 01:32:55', 61, 3, '492aa9cd-d9b4-4985-970e-b168ba48b928', 2),
(73, '2024-08-14', '10:03:00', '12:03:00', 'CLOSED', '2024-08-25 01:33:16', 61, 2, 'c2e44d1f-da0a-41dd-bca1-a5f4faf9f9af', 2),
(74, '2024-08-16', '09:03:00', '10:03:00', 'CLOSED', '2024-08-25 01:33:42', 61, 2, 'dfa07592-b108-4c0b-87e4-0cd9fbf9e123', 2),
(75, '2024-08-19', '10:03:00', '12:03:00', 'CLOSED', '2024-08-25 01:34:02', 61, 2, 'e5698fbf-e613-4ce9-9ec6-77d0e57e3316', 2),
(76, '2024-08-20', '09:04:00', '11:04:00', 'CLOSED', '2024-08-25 01:34:19', 61, 3, '693e79eb-fa27-48ea-97e1-bc2fe7182d07', 2),
(77, '2024-08-21', '10:04:00', '12:04:00', 'CLOSED', '2024-08-25 01:34:37', 61, 2, '623b5979-15cc-4fc4-ad56-605ecac5c8ca', 2),
(78, '2024-08-22', '10:04:00', '12:04:00', 'CLOSED', '2024-08-25 01:34:54', 61, 3, 'ac731310-77a3-4ee3-b695-55701b71fb74', 2),
(79, '2024-08-23', '09:05:00', '10:05:00', 'CLOSED', '2024-08-25 01:35:17', 61, 2, '0c4f69f8-6d45-457f-9915-60d23a0ff681', 2),
(80, '2024-08-23', '02:05:00', '03:05:00', 'CLOSED', '2024-08-25 01:35:36', 61, 3, '3933a9c7-2e78-439d-aaa7-9223d9f655bf', 2),
(81, '2024-08-26', '10:07:00', '12:07:00', 'CLOSED', '2024-08-25 01:37:25', 61, 2, 'fdcdddd2-7494-45f1-a830-09e6c32d574d', 2),
(82, '2024-08-27', '09:07:00', '10:07:00', 'CLOSED', '2024-08-25 01:37:37', 61, 3, '988ca0a0-8e8e-4bc4-b675-15f16bab7032', 2),
(83, '2024-08-28', '10:07:00', '12:07:00', 'CLOSED', '2024-08-25 01:38:07', 61, 2, '130a7249-85e6-4fd4-a4e2-ce7ba486ea3c', 2),
(84, '2024-08-29', '11:08:00', '12:08:00', 'CLOSED', '2024-08-25 01:38:23', 61, 3, 'b40aaac5-90e9-4e61-bdd4-a1c562f28e87', 2),
(85, '2024-08-30', '09:08:00', '10:08:00', 'CLOSED', '2024-08-25 01:38:43', 61, 2, '720f2988-eb12-4104-b22d-c4064fb0981c', 2),
(86, '2024-08-30', '14:08:00', '15:08:00', 'CLOSED', '2024-08-25 01:39:03', 61, 3, '8ae21cfc-384b-4ed5-b490-483d89d686c4', 2),
(87, '2024-07-01', '13:01:00', '14:47:00', 'CLOSED', '2024-08-25 02:18:01', 62, 4, '2f84fceb-517b-470c-8d49-53d36a53ca4d', 2),
(88, '2024-07-03', '09:48:00', '10:48:00', 'CLOSED', '2024-08-25 02:18:36', 62, 4, 'db1e86cf-d320-4600-b26a-74ba50bf1ae5', 2),
(89, '2024-07-04', '13:48:00', '15:48:00', 'CLOSED', '2024-08-25 02:19:03', 62, 4, 'f541ca5e-8544-4be8-bd92-f240b71e6966', 2),
(90, '2024-07-08', '13:49:00', '14:49:00', 'CLOSED', '2024-08-25 02:19:33', 62, 4, '65a63df4-4be5-470a-976b-90b8656d40aa', 2),
(91, '2024-07-10', '09:49:00', '10:49:00', 'CLOSED', '2024-08-25 02:19:55', 62, 4, '4a6af337-a44d-4683-98bf-4e2e6f2c7eac', 2),
(92, '2024-07-11', '13:50:00', '15:50:00', 'CLOSED', '2024-08-25 02:20:17', 62, 4, '882964d4-794b-49b7-89a7-d3aa82507534', 2),
(93, '2024-07-15', '13:50:00', '14:50:00', 'CLOSED', '2024-08-25 02:20:45', 62, 4, '3f550059-bd44-466d-92bb-8f0179679ac5', 2),
(94, '2024-07-17', '09:51:00', '10:51:00', 'CLOSED', '2024-08-25 02:21:26', 62, 4, 'f37a07f6-541d-49b4-8a34-a8d686c73926', 2),
(95, '2024-07-18', '13:51:00', '15:51:00', 'CLOSED', '2024-08-25 02:21:49', 62, 4, 'c81846c2-cc22-4a03-aba9-fbd388f37bce', 2),
(96, '2024-07-22', '13:51:00', '14:52:00', 'CLOSED', '2024-08-25 02:22:10', 62, 4, 'bb4e0904-2bcb-438d-a756-6305998dac52', 2),
(97, '2024-07-24', '08:52:00', '10:52:00', 'CLOSED', '2024-08-25 02:22:37', 62, 4, '6752eb81-6bb8-41bc-8ee3-845da375eb88', 2),
(98, '2024-07-25', '13:52:00', '15:52:00', 'CLOSED', '2024-08-25 02:23:05', 62, 4, '12db88e4-504e-4adb-b48b-1d47cf2bf3bd', 2),
(99, '2024-07-29', '13:53:00', '14:53:00', 'CLOSED', '2024-08-25 02:23:27', 62, 4, '01128152-9db0-4a5e-82f6-b8d521a85d98', 2),
(100, '2024-07-31', '08:53:00', '09:53:00', 'CLOSED', '2024-08-25 02:23:50', 62, 4, '0be2cae5-5a1c-48f7-b44c-44b58924d05e', 2),
(101, '2024-08-01', '13:57:00', '15:57:00', 'CLOSED', '2024-08-25 02:27:19', 62, 4, '9f7d17a4-995d-4379-8f9b-2a56b8aff781', 2),
(102, '2024-08-05', '13:57:00', '14:57:00', 'CLOSED', '2024-08-25 02:27:45', 62, 4, 'e6631920-7869-4749-9e69-71635aecf5fa', 2),
(103, '2024-08-07', '08:57:00', '10:58:00', 'CLOSED', '2024-08-25 02:28:07', 62, 4, '377d0a9d-2977-40c7-a22c-9f5459633584', 2),
(104, '2024-08-08', '13:58:00', '15:58:00', 'CLOSED', '2024-08-25 02:28:34', 62, 4, 'a6abfa76-aedf-47fc-a180-0e9579dbb1cd', 2),
(105, '2024-08-12', '13:58:00', '14:58:00', 'CLOSED', '2024-08-25 02:28:54', 62, 4, '95c86a57-e097-4d04-9103-7cf542b40d0e', 2),
(106, '2024-08-14', '08:59:00', '10:59:00', 'CLOSED', '2024-08-25 02:29:12', 62, 4, '72d2ce82-a6ff-4ed9-a4b2-07e69decda0e', 2),
(107, '2024-08-15', '13:59:00', '15:59:00', 'CLOSED', '2024-08-25 02:29:29', 62, 4, '42ec88cb-52e6-477b-a306-df75e873b429', 2),
(108, '2024-08-19', '13:59:00', '14:59:00', 'CLOSED', '2024-08-25 02:29:54', 62, 4, '12294f85-bde3-4351-a7a2-28b35fd221ad', 2),
(109, '2024-08-21', '09:00:00', '10:00:00', 'CLOSED', '2024-08-25 02:30:20', 62, 4, '37d52fee-6792-423b-9676-633626ccd270', 2),
(110, '2024-08-22', '13:00:00', '15:00:00', 'CLOSED', '2024-08-25 02:30:40', 62, 4, 'b617567f-e070-4c79-a5cf-73a93d33d307', 2),
(111, '2024-08-26', '13:00:00', '14:00:00', 'CLOSED', '2024-08-25 02:31:02', 62, 4, '55073f74-e375-4024-bdc6-c6b11a5f3a89', 2),
(112, '2024-08-28', '09:01:00', '10:01:00', 'CLOSED', '2024-08-25 02:31:16', 62, 4, '433f946c-781c-4e75-913e-1b0bbcd30efe', 2),
(113, '2024-08-29', '13:01:00', '15:01:00', 'CLOSED', '2024-08-25 02:31:43', 62, 4, 'f2bcc56d-59fc-4246-be96-67e24e9e75f7', 2),
(114, '2024-07-01', '14:40:00', '15:40:00', 'CLOSED', '2024-08-25 03:10:47', 63, 5, '6f247b91-80c6-4b0e-beb8-c64e83c1d6bb', 2),
(115, '2024-07-02', '11:40:00', '12:40:00', 'CLOSED', '2024-08-25 03:11:07', 63, 5, '2fbbcb5d-702b-416f-953f-ccf370c098e2', 2),
(116, '2024-07-03', '13:41:00', '15:41:00', 'CLOSED', '2024-08-25 03:11:32', 63, 5, '62f4111e-2ca9-4b5a-b878-09eb812d6342', 2),
(117, '2024-07-05', '10:41:00', '12:41:00', 'CLOSED', '2024-08-25 03:11:50', 63, 5, '2d0749ec-4ffb-4b24-801e-c4344fdf96e1', 2),
(118, '2024-07-08', '14:41:00', '15:42:00', 'CLOSED', '2024-08-25 03:12:34', 63, 5, 'cc592087-5041-4fc9-82e4-df78d68e247a', 2),
(119, '2024-07-09', '11:42:00', '12:42:00', 'CLOSED', '2024-08-25 03:12:51', 63, 5, '17f84784-77f5-4034-89d9-e588031f58cd', 2),
(120, '2024-07-10', '13:42:00', '15:43:00', 'CLOSED', '2024-08-25 03:13:10', 63, 5, 'cf9c3be3-5d9c-405d-954a-fb5aa6006d53', 2),
(121, '2024-07-12', '10:43:00', '12:43:00', 'CLOSED', '2024-08-25 03:13:42', 63, 5, '82305bdb-f152-49d2-903b-1aaaa1afdec3', 2),
(122, '2024-07-15', '14:45:00', '15:46:00', 'CLOSED', '2024-08-25 03:16:11', 63, 5, '1b57ccde-7106-40b0-ab93-9f8470b9fc69', 2),
(123, '2024-07-16', '11:46:00', '12:46:00', 'CLOSED', '2024-08-25 03:16:29', 63, 5, '11d926a1-ca16-4013-9003-c4d5909cff48', 2),
(124, '2024-07-17', '13:46:00', '15:46:00', 'CLOSED', '2024-08-25 03:16:49', 63, 5, 'ccc8558e-b21a-4fa1-a249-092c48b70aff', 2),
(125, '2024-07-19', '10:47:00', '12:47:00', 'CLOSED', '2024-08-25 03:17:25', 63, 5, 'c5869b12-f2f4-4376-bbb2-6695b51068ca', 2),
(126, '2024-07-22', '14:48:00', '15:48:00', 'CLOSED', '2024-08-25 03:18:35', 63, 5, 'a824d998-ab69-46f4-974d-fe2f929b8f63', 2),
(127, '2024-07-23', '11:48:00', '12:48:00', 'CLOSED', '2024-08-25 03:18:50', 63, 5, 'e5858df8-c653-4164-9c16-b78fc0001cb2', 2),
(128, '2024-07-24', '13:48:00', '15:49:00', 'CLOSED', '2024-08-25 03:19:09', 63, 5, '9b79e7e9-26a0-459c-ba2b-beb036475361', 2),
(129, '2024-07-29', '14:50:00', '15:50:00', 'CLOSED', '2024-08-25 03:20:15', 63, 5, 'd0548b9b-b460-403a-bd85-86dc9f5bf7bb', 2),
(130, '2024-07-30', '11:50:00', '12:50:00', 'CLOSED', '2024-08-25 03:20:31', 63, 5, '4ca10074-6818-4477-91f7-965cc755c548', 2),
(131, '2024-07-31', '13:50:00', '15:50:00', 'CLOSED', '2024-08-25 03:20:48', 63, 5, '4ac2ccf5-03eb-4e00-b40e-093392b6a01d', 2),
(132, '2024-08-02', '10:53:00', '12:53:00', 'CLOSED', '2024-08-25 03:23:15', 63, 5, '0b72d356-6374-41cd-bbd7-7f603ffd971e', 2),
(133, '2024-08-05', '14:53:00', '15:53:00', 'CLOSED', '2024-08-25 03:23:36', 63, 5, 'b380f553-1441-46ac-b0d1-791b0aeedcca', 2),
(134, '2024-08-06', '11:53:00', '12:53:00', 'CLOSED', '2024-08-25 03:23:51', 63, 5, '71fc1d46-7312-4dc7-bdeb-c4e54550491d', 2),
(135, '2024-08-07', '13:53:00', '15:54:00', 'CLOSED', '2024-08-25 03:24:08', 63, 5, 'c9293e75-fb7e-4fd3-86f2-c3aaedb48f1a', 2),
(136, '2024-08-09', '10:54:00', '12:54:00', 'CLOSED', '2024-08-25 03:24:23', 63, 5, '823eb853-edc1-4c8d-9fb6-a2b7f2d3b725', 2),
(137, '2024-08-12', '14:54:00', '15:54:00', 'CLOSED', '2024-08-25 03:24:40', 63, 5, '2e54bd56-45ee-4f93-a369-3c905842c567', 2),
(138, '2024-08-13', '11:54:00', '12:54:00', 'CLOSED', '2024-08-25 03:24:54', 63, 5, '58c9d59b-41c7-4241-8d3f-13f779c15a80', 2),
(139, '2024-08-14', '13:55:00', '15:55:00', 'CLOSED', '2024-08-25 03:25:13', 63, 5, 'eab1d9f4-15f1-401a-8876-b23c34349d21', 2),
(140, '2024-08-16', '10:55:00', '12:55:00', 'CLOSED', '2024-08-25 03:25:29', 63, 5, 'e2669c89-4fd5-4182-bf5d-70a371c91da4', 2),
(141, '2024-08-19', '14:55:00', '15:55:00', 'CLOSED', '2024-08-25 03:25:45', 63, 5, 'fc48aaed-9566-418a-b351-a84a05d47203', 2),
(142, '2024-08-20', '11:55:00', '12:55:00', 'CLOSED', '2024-08-25 03:26:05', 63, 5, '3389ddbe-017d-40a5-9a88-c25398812a01', 2),
(143, '2024-08-21', '13:56:00', '15:56:00', 'CLOSED', '2024-08-25 03:26:23', 63, 5, 'd8746060-4f52-4579-bd68-0f21b1763a97', 2),
(144, '2024-08-23', '10:56:00', '12:56:00', 'CLOSED', '2024-08-25 03:26:44', 63, 5, 'c68e7ad4-816a-4d01-9aa9-ae2b3a3ddbbe', 2),
(145, '2024-08-26', '14:58:00', '15:58:00', 'CLOSED', '2024-08-25 03:28:53', 63, 5, 'cd6dec7f-3285-400d-aed3-784987ea3b25', 2),
(146, '2024-08-27', '10:58:00', '12:59:00', 'CLOSED', '2024-08-25 03:29:07', 63, 5, 'e1fe1e64-bed9-47cc-9578-1207b3bc8ead', 2),
(147, '2024-08-28', '13:59:00', '15:59:00', 'CLOSED', '2024-08-25 03:29:22', 63, 5, 'e8ff1bbf-0a04-4b17-8dd6-55a7f7bccafb', 2),
(148, '2024-08-30', '10:59:00', '12:59:00', 'CLOSED', '2024-08-25 03:29:39', 63, 5, '2247d4bc-bc0f-405b-a6a7-f1883c057883', 2);


INSERT INTO `attendance` (`roll_call_id`, `student_id`) VALUES
(1, 2),
(2, 2),
(4, 2),
(5, 2),
(6, 2),
(7, 2),
(8, 2),
(9, 2),
(10, 2),
(11, 2),
(12, 2),
(13, 2),
(15, 2),
(16, 2),
(17, 2),
(19, 2),
(20, 2),
(21, 2),
(22, 2),
(24, 2),
(25, 2),
(26, 2),
(27, 2),
(28, 2),
(29, 2),
(31, 2),
(32, 2),
(33, 2),
(34, 2),
(37, 2),
(38, 2),
(39, 2),
(42, 2),
(43, 2),
(44, 2),
(45, 2),
(46, 2),
(47, 2),
(48, 2),
(49, 2),
(50, 2),
(51, 2),
(52, 2),
(53, 2),
(54, 2),
(55, 2),
(56, 2),
(57, 2),
(58, 2),
(59, 2),
(60, 2),
(61, 2),
(62, 2),
(63, 2),
(64, 2),
(65, 2),
(66, 2),
(67, 2),
(68, 2),
(69, 2),
(70, 2),
(71, 2),
(72, 2),
(73, 2),
(74, 2),
(75, 2),
(76, 2),
(77, 2),
(78, 2),
(79, 2),
(80, 2),
(81, 2),
(82, 2),
(83, 2),
(84, 2),
(85, 2),
(86, 2),
(87, 2),
(88, 2),
(91, 2),
(92, 2),
(93, 2),
(94, 2),
(95, 2),
(96, 2),
(97, 2),
(98, 2),
(99, 2),
(100, 2),
(101, 2),
(102, 2),
(103, 2),
(104, 2),
(105, 2),
(106, 2),
(107, 2),
(108, 2),
(109, 2),
(110, 2),
(111, 2),
(112, 2),
(113, 2),
(114, 2),
(115, 2),
(116, 2),
(117, 2),
(118, 2),
(119, 2),
(120, 2),
(121, 2),
(122, 2),
(123, 2),
(124, 2),
(125, 2),
(126, 2),
(127, 2),
(128, 2),
(129, 2),
(130, 2),
(131, 2),
(132, 2),
(133, 2),
(134, 2),
(135, 2),
(136, 2),
(137, 2),
(138, 2),
(139, 2),
(141, 2),
(142, 2),
(143, 2),
(144, 2),
(145, 2),
(146, 2),
(147, 2),
(148, 2),
(1, 3),
(2, 3),
(4, 3),
(6, 3),
(7, 3),
(8, 3),
(9, 3),
(10, 3),
(11, 3),
(12, 3),
(13, 3),
(14, 3),
(15, 3),
(16, 3),
(17, 3),
(18, 3),
(19, 3),
(20, 3),
(21, 3),
(22, 3),
(24, 3),
(25, 3),
(26, 3),
(27, 3),
(28, 3),
(29, 3),
(31, 3),
(32, 3),
(33, 3),
(34, 3),
(35, 3),
(36, 3),
(37, 3),
(38, 3),
(39, 3),
(42, 3),
(43, 3),
(44, 3),
(45, 3),
(46, 3),
(47, 3),
(48, 3),
(49, 3),
(50, 3),
(51, 3),
(52, 3),
(53, 3),
(54, 3),
(55, 3),
(56, 3),
(57, 3),
(58, 3),
(59, 3),
(60, 3),
(61, 3),
(62, 3),
(63, 3),
(64, 3),
(65, 3),
(66, 3),
(67, 3),
(68, 3),
(69, 3),
(70, 3),
(71, 3),
(72, 3),
(73, 3),
(74, 3),
(75, 3),
(76, 3),
(77, 3),
(78, 3),
(79, 3),
(80, 3),
(81, 3),
(82, 3),
(83, 3),
(84, 3),
(85, 3),
(86, 3),
(87, 3),
(88, 3),
(90, 3),
(91, 3),
(92, 3),
(93, 3),
(94, 3),
(95, 3),
(96, 3),
(97, 3),
(98, 3),
(99, 3),
(100, 3),
(101, 3),
(102, 3),
(103, 3),
(104, 3),
(105, 3),
(106, 3),
(107, 3),
(108, 3),
(109, 3),
(110, 3),
(111, 3),
(112, 3),
(113, 3),
(114, 3),
(115, 3),
(116, 3),
(117, 3),
(118, 3),
(119, 3),
(120, 3),
(121, 3),
(122, 3),
(123, 3),
(124, 3),
(125, 3),
(126, 3),
(127, 3),
(128, 3),
(129, 3),
(130, 3),
(131, 3),
(132, 3),
(133, 3),
(134, 3),
(135, 3),
(136, 3),
(137, 3),
(138, 3),
(139, 3),
(140, 3),
(141, 3),
(142, 3),
(143, 3),
(144, 3),
(145, 3),
(146, 3),
(147, 3),
(148, 3),
(2, 4),
(3, 4),
(4, 4),
(5, 4),
(6, 4),
(7, 4),
(8, 4),
(9, 4),
(10, 4),
(11, 4),
(12, 4),
(13, 4),
(14, 4),
(15, 4),
(16, 4),
(17, 4),
(18, 4),
(19, 4),
(20, 4),
(21, 4),
(22, 4),
(24, 4),
(25, 4),
(26, 4),
(27, 4),
(28, 4),
(29, 4),
(30, 4),
(31, 4),
(32, 4),
(33, 4),
(34, 4),
(35, 4),
(36, 4),
(37, 4),
(38, 4),
(39, 4),
(42, 4),
(43, 4),
(44, 4),
(45, 4),
(46, 4),
(47, 4),
(48, 4),
(49, 4),
(50, 4),
(51, 4),
(52, 4),
(53, 4),
(54, 4),
(55, 4),
(56, 4),
(57, 4),
(58, 4),
(59, 4),
(60, 4),
(61, 4),
(62, 4),
(63, 4),
(64, 4),
(65, 4),
(66, 4),
(67, 4),
(68, 4),
(69, 4),
(70, 4),
(71, 4),
(72, 4),
(73, 4),
(74, 4),
(75, 4),
(76, 4),
(77, 4),
(78, 4),
(79, 4),
(80, 4),
(81, 4),
(82, 4),
(83, 4),
(84, 4),
(85, 4),
(86, 4),
(87, 4),
(91, 4),
(92, 4),
(95, 4),
(96, 4),
(97, 4),
(98, 4),
(99, 4),
(102, 4),
(104, 4),
(106, 4),
(107, 4),
(108, 4),
(109, 4),
(110, 4),
(111, 4),
(112, 4),
(113, 4),
(114, 4),
(115, 4),
(116, 4),
(117, 4),
(118, 4),
(119, 4),
(121, 4),
(122, 4),
(123, 4),
(125, 4),
(127, 4),
(128, 4),
(129, 4),
(131, 4),
(132, 4),
(137, 4),
(138, 4),
(139, 4),
(141, 4),
(142, 4),
(143, 4),
(144, 4),
(145, 4),
(146, 4),
(148, 4),
(1, 5),
(3, 5),
(5, 5),
(7, 5),
(9, 5),
(10, 5),
(11, 5),
(12, 5),
(13, 5),
(14, 5),
(15, 5),
(16, 5),
(17, 5),
(18, 5),
(22, 5),
(23, 5),
(24, 5),
(26, 5),
(27, 5),
(28, 5),
(29, 5),
(31, 5),
(32, 5),
(33, 5),
(35, 5),
(37, 5),
(38, 5),
(39, 5),
(41, 5),
(42, 5),
(43, 5),
(44, 5),
(47, 5),
(48, 5),
(49, 5),
(50, 5),
(51, 5),
(52, 5),
(53, 5),
(54, 5),
(55, 5),
(56, 5),
(57, 5),
(58, 5),
(59, 5),
(61, 5),
(62, 5),
(63, 5),
(64, 5),
(65, 5),
(66, 5),
(67, 5),
(68, 5),
(69, 5),
(70, 5),
(71, 5),
(76, 5),
(77, 5),
(78, 5),
(79, 5),
(81, 5),
(82, 5),
(83, 5),
(84, 5),
(85, 5),
(86, 5),
(88, 5),
(89, 5),
(91, 5),
(92, 5),
(93, 5),
(94, 5),
(95, 5),
(96, 5),
(97, 5),
(98, 5),
(99, 5),
(101, 5),
(102, 5),
(103, 5),
(105, 5),
(106, 5),
(107, 5),
(108, 5),
(109, 5),
(110, 5),
(111, 5),
(112, 5),
(113, 5),
(114, 5),
(115, 5),
(116, 5),
(117, 5),
(118, 5),
(119, 5),
(122, 5),
(123, 5),
(124, 5),
(125, 5),
(126, 5),
(127, 5),
(128, 5),
(129, 5),
(131, 5),
(132, 5),
(133, 5),
(134, 5),
(136, 5),
(137, 5),
(138, 5),
(139, 5),
(141, 5),
(142, 5),
(143, 5),
(144, 5),
(146, 5),
(147, 5),
(1, 6),
(3, 6),
(4, 6),
(6, 6),
(7, 6),
(8, 6),
(9, 6),
(11, 6),
(12, 6),
(15, 6),
(16, 6),
(17, 6),
(19, 6),
(21, 6),
(23, 6),
(25, 6),
(26, 6),
(27, 6),
(28, 6),
(29, 6),
(31, 6),
(32, 6),
(33, 6),
(34, 6),
(37, 6),
(38, 6),
(39, 6),
(42, 6),
(43, 6),
(44, 6),
(45, 6),
(46, 6),
(47, 6),
(48, 6),
(49, 6),
(50, 6),
(51, 6),
(52, 6),
(53, 6),
(54, 6),
(55, 6),
(56, 6),
(57, 6),
(58, 6),
(59, 6),
(62, 6),
(63, 6),
(64, 6),
(65, 6),
(66, 6),
(67, 6),
(68, 6),
(69, 6),
(70, 6),
(71, 6),
(73, 6),
(74, 6),
(75, 6),
(76, 6),
(77, 6),
(78, 6),
(79, 6),
(81, 6),
(82, 6),
(83, 6),
(84, 6),
(85, 6),
(86, 6),
(87, 6),
(89, 6),
(91, 6),
(92, 6),
(93, 6),
(94, 6),
(95, 6),
(96, 6),
(97, 6),
(98, 6),
(99, 6),
(102, 6),
(103, 6),
(104, 6),
(105, 6),
(106, 6),
(107, 6),
(108, 6),
(109, 6),
(111, 6),
(112, 6),
(113, 6),
(116, 6),
(117, 6),
(118, 6),
(119, 6),
(121, 6),
(122, 6),
(123, 6),
(124, 6),
(125, 6),
(126, 6),
(127, 6),
(128, 6),
(129, 6),
(130, 6),
(131, 6),
(132, 6),
(133, 6),
(134, 6),
(135, 6),
(136, 6),
(137, 6),
(138, 6),
(139, 6),
(141, 6),
(142, 6),
(143, 6),
(144, 6),
(145, 6),
(146, 6),
(147, 6),
(148, 6),
(2, 7),
(4, 7),
(8, 7),
(11, 7),
(12, 7),
(14, 7),
(18, 7),
(20, 7),
(22, 7),
(25, 7),
(26, 7),
(27, 7),
(28, 7),
(29, 7),
(30, 7),
(31, 7),
(33, 7),
(34, 7),
(35, 7),
(36, 7),
(37, 7),
(38, 7),
(39, 7),
(42, 7),
(43, 7),
(44, 7),
(45, 7),
(46, 7),
(47, 7),
(48, 7),
(49, 7),
(50, 7),
(51, 7),
(52, 7),
(53, 7),
(54, 7),
(55, 7),
(56, 7),
(57, 7),
(58, 7),
(59, 7),
(60, 7),
(61, 7),
(62, 7),
(63, 7),
(64, 7),
(65, 7),
(66, 7),
(67, 7),
(68, 7),
(69, 7),
(70, 7),
(71, 7),
(72, 7),
(73, 7),
(74, 7),
(75, 7),
(76, 7),
(77, 7),
(78, 7),
(79, 7),
(80, 7),
(81, 7),
(82, 7),
(83, 7),
(84, 7),
(85, 7),
(86, 7),
(87, 7),
(89, 7),
(91, 7),
(92, 7),
(93, 7),
(94, 7),
(95, 7),
(96, 7),
(97, 7),
(98, 7),
(99, 7),
(101, 7),
(102, 7),
(103, 7),
(104, 7),
(105, 7),
(106, 7),
(107, 7),
(108, 7),
(109, 7),
(110, 7),
(111, 7),
(112, 7),
(113, 7),
(114, 7),
(115, 7),
(116, 7),
(117, 7),
(118, 7),
(119, 7),
(121, 7),
(122, 7),
(123, 7),
(124, 7),
(125, 7),
(126, 7),
(127, 7),
(128, 7),
(129, 7),
(131, 7),
(132, 7),
(133, 7),
(134, 7),
(135, 7),
(136, 7),
(137, 7),
(138, 7),
(139, 7),
(140, 7),
(141, 7),
(142, 7),
(143, 7),
(144, 7),
(145, 7),
(146, 7),
(147, 7),
(148, 7),
(2, 8),
(6, 8),
(8, 8),
(11, 8),
(14, 8),
(16, 8),
(17, 8),
(18, 8),
(19, 8),
(20, 8),
(22, 8),
(23, 8),
(25, 8),
(26, 8),
(27, 8),
(28, 8),
(29, 8),
(31, 8),
(32, 8),
(33, 8),
(34, 8),
(36, 8),
(37, 8),
(38, 8),
(39, 8),
(42, 8),
(43, 8),
(44, 8),
(45, 8),
(46, 8),
(47, 8),
(48, 8),
(49, 8),
(50, 8),
(51, 8),
(52, 8),
(53, 8),
(54, 8),
(55, 8),
(56, 8),
(57, 8),
(58, 8),
(59, 8),
(60, 8),
(61, 8),
(62, 8),
(63, 8),
(64, 8),
(65, 8),
(66, 8),
(67, 8),
(68, 8),
(69, 8),
(70, 8),
(71, 8),
(72, 8),
(73, 8),
(74, 8),
(75, 8),
(76, 8),
(77, 8),
(78, 8),
(79, 8),
(80, 8),
(81, 8),
(82, 8),
(83, 8),
(84, 8),
(85, 8),
(86, 8),
(87, 8),
(89, 8),
(91, 8),
(92, 8),
(93, 8),
(94, 8),
(95, 8),
(96, 8),
(97, 8),
(98, 8),
(99, 8),
(101, 8),
(102, 8),
(103, 8),
(104, 8),
(105, 8),
(106, 8),
(107, 8),
(108, 8),
(109, 8),
(110, 8),
(111, 8),
(112, 8),
(113, 8),
(114, 8),
(115, 8),
(116, 8),
(117, 8),
(118, 8),
(119, 8),
(121, 8),
(123, 8),
(124, 8),
(127, 8),
(128, 8),
(129, 8),
(131, 8),
(132, 8),
(133, 8),
(134, 8),
(135, 8),
(136, 8),
(137, 8),
(138, 8),
(139, 8),
(141, 8),
(142, 8),
(143, 8),
(144, 8),
(145, 8),
(146, 8),
(147, 8),
(148, 8),
(2, 9),
(4, 9),
(5, 9),
(6, 9),
(7, 9),
(8, 9),
(9, 9),
(10, 9),
(11, 9),
(12, 9),
(13, 9),
(14, 9),
(15, 9),
(17, 9),
(18, 9),
(19, 9),
(20, 9),
(21, 9),
(22, 9),
(23, 9),
(24, 9),
(25, 9),
(26, 9),
(27, 9),
(29, 9),
(30, 9),
(31, 9),
(32, 9),
(33, 9),
(34, 9),
(35, 9),
(36, 9),
(37, 9),
(38, 9),
(39, 9),
(42, 9),
(43, 9),
(44, 9),
(45, 9),
(46, 9),
(47, 9),
(48, 9),
(49, 9),
(50, 9),
(51, 9),
(52, 9),
(53, 9),
(54, 9),
(55, 9),
(56, 9),
(57, 9),
(58, 9),
(59, 9),
(60, 9),
(61, 9),
(62, 9),
(63, 9),
(64, 9),
(65, 9),
(66, 9),
(67, 9),
(68, 9),
(69, 9),
(70, 9),
(71, 9),
(72, 9),
(73, 9),
(74, 9),
(75, 9),
(76, 9),
(77, 9),
(78, 9),
(79, 9),
(80, 9),
(81, 9),
(82, 9),
(83, 9),
(84, 9),
(85, 9),
(86, 9),
(87, 9),
(89, 9),
(91, 9),
(92, 9),
(93, 9),
(94, 9),
(95, 9),
(96, 9),
(97, 9),
(98, 9),
(99, 9),
(101, 9),
(102, 9),
(103, 9),
(104, 9),
(105, 9),
(106, 9),
(107, 9),
(108, 9),
(109, 9),
(110, 9),
(111, 9),
(112, 9),
(113, 9),
(114, 9),
(115, 9),
(116, 9),
(117, 9),
(118, 9),
(119, 9),
(121, 9),
(124, 9),
(128, 9),
(129, 9),
(131, 9),
(132, 9),
(133, 9),
(134, 9),
(135, 9),
(136, 9),
(137, 9),
(138, 9),
(139, 9),
(141, 9),
(142, 9),
(143, 9),
(144, 9),
(147, 9),
(148, 9),
(2, 10),
(4, 10),
(5, 10),
(6, 10),
(7, 10),
(8, 10),
(9, 10),
(10, 10),
(11, 10),
(12, 10),
(13, 10),
(14, 10),
(15, 10),
(16, 10),
(17, 10),
(18, 10),
(19, 10),
(22, 10),
(23, 10),
(24, 10),
(25, 10),
(26, 10),
(27, 10),
(28, 10),
(29, 10),
(30, 10),
(32, 10),
(33, 10),
(34, 10),
(35, 10),
(36, 10),
(37, 10),
(38, 10),
(39, 10),
(40, 10),
(42, 10),
(43, 10),
(44, 10),
(45, 10),
(46, 10),
(48, 10),
(49, 10),
(51, 10),
(52, 10),
(53, 10),
(54, 10),
(55, 10),
(56, 10),
(57, 10),
(58, 10),
(59, 10),
(61, 10),
(62, 10),
(63, 10),
(64, 10),
(65, 10),
(67, 10),
(68, 10),
(69, 10),
(70, 10),
(71, 10),
(72, 10),
(73, 10),
(74, 10),
(75, 10),
(76, 10),
(77, 10),
(78, 10),
(79, 10),
(80, 10),
(81, 10),
(82, 10),
(83, 10),
(84, 10),
(85, 10),
(86, 10),
(87, 10),
(89, 10),
(91, 10),
(92, 10),
(93, 10),
(94, 10),
(95, 10),
(96, 10),
(97, 10),
(98, 10),
(99, 10),
(101, 10),
(102, 10),
(103, 10),
(104, 10),
(105, 10),
(106, 10),
(107, 10),
(108, 10),
(109, 10),
(110, 10),
(111, 10),
(112, 10),
(113, 10),
(114, 10),
(115, 10),
(116, 10),
(117, 10),
(118, 10),
(119, 10),
(121, 10),
(124, 10),
(125, 10),
(126, 10),
(127, 10),
(128, 10),
(129, 10),
(130, 10),
(131, 10),
(132, 10),
(133, 10),
(134, 10),
(135, 10),
(136, 10),
(137, 10),
(138, 10),
(139, 10),
(140, 10),
(141, 10),
(142, 10),
(143, 10),
(144, 10),
(145, 10),
(147, 10),
(148, 10),
(2, 11),
(4, 11),
(6, 11),
(9, 11),
(11, 11),
(12, 11),
(13, 11),
(14, 11),
(15, 11),
(16, 11),
(18, 11),
(19, 11),
(21, 11),
(22, 11),
(23, 11),
(24, 11),
(26, 11),
(27, 11),
(28, 11),
(29, 11),
(30, 11),
(31, 11),
(32, 11),
(33, 11),
(34, 11),
(35, 11),
(36, 11),
(37, 11),
(40, 11),
(41, 11),
(42, 11),
(43, 11),
(44, 11),
(46, 11),
(47, 11),
(48, 11),
(49, 11),
(50, 11),
(51, 11),
(52, 11),
(53, 11),
(54, 11),
(55, 11),
(56, 11),
(57, 11),
(58, 11),
(59, 11),
(62, 11),
(63, 11),
(64, 11),
(65, 11),
(66, 11),
(67, 11),
(68, 11),
(69, 11),
(70, 11),
(71, 11),
(72, 11),
(73, 11),
(74, 11),
(75, 11),
(76, 11),
(77, 11),
(78, 11),
(79, 11),
(80, 11),
(81, 11),
(82, 11),
(83, 11),
(84, 11),
(85, 11),
(86, 11),
(87, 11),
(88, 11),
(89, 11),
(91, 11),
(92, 11),
(93, 11),
(94, 11),
(96, 11),
(97, 11),
(98, 11),
(99, 11),
(100, 11),
(101, 11),
(102, 11),
(103, 11),
(104, 11),
(105, 11),
(106, 11),
(107, 11),
(108, 11),
(109, 11),
(110, 11),
(111, 11),
(112, 11),
(113, 11),
(114, 11),
(115, 11),
(116, 11),
(117, 11),
(118, 11),
(119, 11),
(121, 11),
(122, 11),
(123, 11),
(124, 11),
(125, 11),
(126, 11),
(127, 11),
(128, 11),
(129, 11),
(132, 11),
(133, 11),
(134, 11),
(135, 11),
(136, 11),
(137, 11),
(138, 11),
(139, 11),
(140, 11),
(141, 11),
(142, 11),
(143, 11),
(144, 11),
(145, 11),
(146, 11),
(147, 11),
(148, 11),
(2, 12),
(4, 12),
(5, 12),
(6, 12),
(7, 12),
(9, 12),
(11, 12),
(12, 12),
(13, 12),
(14, 12),
(15, 12),
(16, 12),
(17, 12),
(18, 12),
(19, 12),
(21, 12),
(22, 12),
(23, 12),
(24, 12),
(26, 12),
(27, 12),
(28, 12),
(29, 12),
(30, 12),
(31, 12),
(32, 12),
(33, 12),
(34, 12),
(35, 12),
(36, 12),
(37, 12),
(40, 12),
(41, 12),
(42, 12),
(43, 12),
(44, 12),
(46, 12),
(47, 12),
(48, 12),
(49, 12),
(50, 12),
(51, 12),
(52, 12),
(53, 12),
(54, 12),
(55, 12),
(56, 12),
(57, 12),
(58, 12),
(59, 12),
(62, 12),
(63, 12),
(64, 12),
(65, 12),
(66, 12),
(67, 12),
(68, 12),
(69, 12),
(70, 12),
(71, 12),
(72, 12),
(73, 12),
(74, 12),
(75, 12),
(76, 12),
(77, 12),
(78, 12),
(79, 12),
(80, 12),
(81, 12),
(82, 12),
(83, 12),
(84, 12),
(85, 12),
(86, 12),
(87, 12),
(88, 12),
(89, 12),
(92, 12),
(93, 12),
(96, 12),
(97, 12),
(99, 12),
(100, 12),
(101, 12),
(102, 12),
(103, 12),
(104, 12),
(105, 12),
(106, 12),
(107, 12),
(108, 12),
(109, 12),
(110, 12),
(111, 12),
(112, 12),
(113, 12),
(114, 12),
(115, 12),
(116, 12),
(117, 12),
(118, 12),
(119, 12),
(121, 12),
(122, 12),
(123, 12),
(124, 12),
(125, 12),
(126, 12),
(127, 12),
(128, 12),
(129, 12),
(132, 12),
(133, 12),
(134, 12),
(135, 12),
(136, 12),
(137, 12),
(138, 12),
(139, 12),
(141, 12),
(142, 12),
(145, 12),
(146, 12),
(1, 13),
(2, 13),
(3, 13),
(5, 13),
(7, 13),
(8, 13),
(9, 13),
(10, 13),
(11, 13),
(12, 13),
(13, 13),
(14, 13),
(15, 13),
(16, 13),
(17, 13),
(18, 13),
(19, 13),
(21, 13),
(22, 13),
(23, 13),
(24, 13),
(25, 13),
(26, 13),
(27, 13),
(28, 13),
(29, 13),
(31, 13),
(32, 13),
(33, 13),
(34, 13),
(35, 13),
(36, 13),
(37, 13),
(38, 13),
(39, 13),
(42, 13),
(43, 13),
(44, 13),
(47, 13),
(48, 13),
(49, 13),
(52, 13),
(53, 13),
(54, 13),
(57, 13),
(58, 13),
(59, 13),
(60, 13),
(61, 13),
(62, 13),
(63, 13),
(64, 13),
(65, 13),
(66, 13),
(67, 13),
(70, 13),
(71, 13),
(72, 13),
(73, 13),
(74, 13),
(75, 13),
(76, 13),
(77, 13),
(78, 13),
(79, 13),
(81, 13),
(82, 13),
(83, 13),
(84, 13),
(85, 13),
(86, 13),
(87, 13),
(88, 13),
(89, 13),
(91, 13),
(92, 13),
(93, 13),
(94, 13),
(95, 13),
(96, 13),
(97, 13),
(101, 13),
(102, 13),
(103, 13),
(104, 13),
(105, 13),
(106, 13),
(107, 13),
(108, 13),
(109, 13),
(110, 13),
(111, 13),
(112, 13),
(114, 13),
(116, 13),
(118, 13),
(119, 13),
(121, 13),
(122, 13),
(123, 13),
(124, 13),
(125, 13),
(126, 13),
(127, 13),
(128, 13),
(129, 13),
(131, 13),
(132, 13),
(133, 13),
(134, 13),
(135, 13),
(136, 13),
(137, 13),
(138, 13),
(139, 13),
(141, 13),
(142, 13),
(143, 13),
(144, 13),
(145, 13),
(146, 13),
(147, 13),
(148, 13),
(2, 14),
(3, 14),
(4, 14),
(7, 14),
(8, 14),
(9, 14),
(10, 14),
(11, 14),
(13, 14),
(15, 14),
(16, 14),
(17, 14),
(18, 14),
(19, 14),
(21, 14),
(22, 14),
(23, 14),
(25, 14),
(26, 14),
(27, 14),
(28, 14),
(29, 14),
(30, 14),
(31, 14),
(32, 14),
(33, 14),
(34, 14),
(36, 14),
(37, 14),
(41, 14),
(44, 14),
(46, 14),
(47, 14),
(48, 14),
(53, 14),
(54, 14),
(56, 14),
(59, 14),
(63, 14),
(64, 14),
(65, 14),
(66, 14),
(67, 14),
(68, 14),
(69, 14),
(70, 14),
(71, 14),
(72, 14),
(73, 14),
(74, 14),
(75, 14),
(76, 14),
(77, 14),
(78, 14),
(79, 14),
(80, 14),
(81, 14),
(82, 14),
(83, 14),
(84, 14),
(85, 14),
(86, 14),
(88, 14),
(89, 14),
(92, 14),
(93, 14),
(94, 14),
(95, 14),
(96, 14),
(97, 14),
(98, 14),
(99, 14),
(100, 14),
(101, 14),
(102, 14),
(103, 14),
(104, 14),
(105, 14),
(106, 14),
(107, 14),
(108, 14),
(109, 14),
(110, 14),
(111, 14),
(112, 14),
(113, 14),
(114, 14),
(115, 14),
(116, 14),
(117, 14),
(118, 14),
(119, 14),
(121, 14),
(122, 14),
(123, 14),
(124, 14),
(125, 14),
(126, 14),
(127, 14),
(128, 14),
(129, 14),
(130, 14),
(131, 14),
(132, 14),
(133, 14),
(134, 14),
(135, 14),
(136, 14),
(137, 14),
(138, 14),
(139, 14),
(141, 14),
(142, 14),
(143, 14),
(144, 14),
(145, 14),
(146, 14),
(147, 14),
(148, 14),
(1, 15),
(2, 15),
(3, 15),
(4, 15),
(5, 15),
(6, 15),
(7, 15),
(8, 15),
(9, 15),
(12, 15),
(13, 15),
(14, 15),
(15, 15),
(16, 15),
(17, 15),
(18, 15),
(19, 15),
(21, 15),
(23, 15),
(24, 15),
(25, 15),
(26, 15),
(27, 15),
(28, 15),
(29, 15),
(31, 15),
(32, 15),
(34, 15),
(35, 15),
(36, 15),
(37, 15),
(38, 15),
(39, 15),
(41, 15),
(42, 15),
(43, 15),
(44, 15),
(45, 15),
(46, 15),
(47, 15),
(48, 15),
(49, 15),
(51, 15),
(52, 15),
(53, 15),
(54, 15),
(55, 15),
(56, 15),
(57, 15),
(58, 15),
(59, 15),
(61, 15),
(62, 15),
(63, 15),
(64, 15),
(65, 15),
(66, 15),
(67, 15),
(68, 15),
(69, 15),
(71, 15),
(72, 15),
(73, 15),
(74, 15),
(75, 15),
(76, 15),
(77, 15),
(78, 15),
(79, 15),
(81, 15),
(82, 15),
(83, 15),
(84, 15),
(85, 15),
(86, 15),
(87, 15),
(88, 15),
(89, 15),
(91, 15),
(92, 15),
(93, 15),
(94, 15),
(95, 15),
(96, 15),
(97, 15),
(98, 15),
(99, 15),
(101, 15),
(102, 15),
(103, 15),
(104, 15),
(105, 15),
(106, 15),
(107, 15),
(108, 15),
(109, 15),
(110, 15),
(111, 15),
(112, 15),
(113, 15),
(114, 15),
(115, 15),
(116, 15),
(117, 15),
(118, 15),
(119, 15),
(121, 15),
(122, 15),
(123, 15),
(124, 15),
(125, 15),
(126, 15),
(127, 15),
(128, 15),
(129, 15),
(131, 15),
(132, 15),
(133, 15),
(134, 15),
(135, 15),
(136, 15),
(137, 15),
(138, 15),
(139, 15),
(141, 15),
(142, 15),
(143, 15),
(144, 15),
(145, 15),
(146, 15),
(147, 15),
(148, 15),
(1, 16),
(2, 16),
(3, 16),
(4, 16),
(5, 16),
(6, 16),
(7, 16),
(8, 16),
(12, 16),
(13, 16),
(14, 16),
(15, 16),
(16, 16),
(17, 16),
(18, 16),
(19, 16),
(21, 16),
(23, 16),
(25, 16),
(27, 16),
(28, 16),
(29, 16),
(34, 16),
(35, 16),
(36, 16),
(37, 16),
(38, 16),
(39, 16),
(41, 16),
(42, 16),
(43, 16),
(44, 16),
(45, 16),
(46, 16),
(47, 16),
(48, 16),
(49, 16),
(51, 16),
(52, 16),
(53, 16),
(54, 16),
(55, 16),
(56, 16),
(57, 16),
(58, 16),
(59, 16),
(61, 16),
(62, 16),
(63, 16),
(64, 16),
(65, 16),
(66, 16),
(67, 16),
(68, 16),
(69, 16),
(71, 16),
(73, 16),
(74, 16),
(76, 16),
(77, 16),
(78, 16),
(79, 16),
(81, 16),
(82, 16),
(83, 16),
(84, 16),
(85, 16),
(86, 16),
(87, 16),
(88, 16),
(89, 16),
(91, 16),
(92, 16),
(93, 16),
(94, 16),
(95, 16),
(96, 16),
(97, 16),
(98, 16),
(99, 16),
(101, 16),
(102, 16),
(103, 16),
(104, 16),
(105, 16),
(106, 16),
(107, 16),
(108, 16),
(109, 16),
(110, 16),
(111, 16),
(112, 16),
(113, 16),
(114, 16),
(115, 16),
(116, 16),
(117, 16),
(118, 16),
(119, 16),
(121, 16),
(122, 16),
(123, 16),
(124, 16),
(125, 16),
(126, 16),
(127, 16),
(128, 16),
(129, 16),
(131, 16),
(132, 16),
(133, 16),
(134, 16),
(135, 16),
(136, 16),
(137, 16),
(138, 16),
(139, 16),
(140, 16),
(141, 16),
(142, 16),
(143, 16),
(144, 16),
(146, 16),
(147, 16),
(1, 17),
(2, 17),
(3, 17),
(4, 17),
(5, 17),
(6, 17),
(7, 17),
(8, 17),
(9, 17),
(12, 17),
(14, 17),
(15, 17),
(16, 17),
(17, 17),
(18, 17),
(19, 17),
(21, 17),
(22, 17),
(23, 17),
(24, 17),
(25, 17),
(26, 17),
(27, 17),
(28, 17),
(29, 17),
(31, 17),
(32, 17),
(33, 17),
(34, 17),
(35, 17),
(36, 17),
(37, 17),
(38, 17),
(39, 17),
(40, 17),
(41, 17),
(42, 17),
(43, 17),
(44, 17),
(45, 17),
(46, 17),
(47, 17),
(48, 17),
(49, 17),
(50, 17),
(51, 17),
(52, 17),
(53, 17),
(54, 17),
(55, 17),
(56, 17),
(57, 17),
(58, 17),
(59, 17),
(61, 17),
(63, 17),
(64, 17),
(66, 17),
(67, 17),
(68, 17),
(69, 17),
(71, 17),
(73, 17),
(74, 17),
(76, 17),
(77, 17),
(78, 17),
(79, 17),
(81, 17),
(82, 17),
(83, 17),
(84, 17),
(85, 17),
(86, 17),
(87, 17),
(88, 17),
(89, 17),
(91, 17),
(92, 17),
(93, 17),
(94, 17),
(95, 17),
(96, 17),
(97, 17),
(98, 17),
(99, 17),
(101, 17),
(102, 17),
(103, 17),
(104, 17),
(105, 17),
(106, 17),
(107, 17),
(108, 17),
(109, 17),
(110, 17),
(111, 17),
(112, 17),
(113, 17),
(114, 17),
(115, 17),
(116, 17),
(117, 17),
(118, 17),
(119, 17),
(121, 17),
(123, 17),
(124, 17),
(125, 17),
(126, 17),
(127, 17),
(128, 17),
(129, 17),
(131, 17),
(133, 17),
(134, 17),
(136, 17),
(137, 17),
(138, 17),
(139, 17),
(141, 17),
(143, 17),
(144, 17),
(146, 17),
(147, 17),
(1, 18),
(2, 18),
(3, 18),
(4, 18),
(5, 18),
(6, 18),
(7, 18),
(8, 18),
(9, 18),
(10, 18),
(11, 18),
(12, 18),
(13, 18),
(14, 18),
(15, 18),
(17, 18),
(19, 18),
(21, 18),
(22, 18),
(23, 18),
(24, 18),
(26, 18),
(28, 18),
(29, 18),
(31, 18),
(32, 18),
(33, 18),
(34, 18),
(35, 18),
(38, 18),
(39, 18),
(42, 18),
(43, 18),
(44, 18),
(45, 18),
(46, 18),
(47, 18),
(48, 18),
(49, 18),
(50, 18),
(51, 18),
(52, 18),
(53, 18),
(54, 18),
(55, 18),
(56, 18),
(57, 18),
(58, 18),
(59, 18),
(62, 18),
(63, 18),
(64, 18),
(65, 18),
(66, 18),
(67, 18),
(68, 18),
(69, 18),
(70, 18),
(71, 18),
(72, 18),
(73, 18),
(74, 18),
(75, 18),
(76, 18),
(77, 18),
(78, 18),
(79, 18),
(80, 18),
(81, 18),
(82, 18),
(83, 18),
(84, 18),
(85, 18),
(86, 18),
(87, 18),
(89, 18),
(91, 18),
(92, 18),
(93, 18),
(94, 18),
(95, 18),
(96, 18),
(97, 18),
(101, 18),
(102, 18),
(103, 18),
(104, 18),
(105, 18),
(106, 18),
(107, 18),
(108, 18),
(109, 18),
(110, 18),
(111, 18),
(112, 18),
(113, 18),
(114, 18),
(115, 18),
(117, 18),
(119, 18),
(120, 18),
(121, 18),
(122, 18),
(123, 18),
(124, 18),
(125, 18),
(126, 18),
(127, 18),
(128, 18),
(129, 18),
(130, 18),
(131, 18),
(132, 18),
(133, 18),
(134, 18),
(135, 18),
(136, 18),
(137, 18),
(138, 18),
(139, 18),
(141, 18),
(142, 18),
(143, 18),
(144, 18),
(145, 18),
(146, 18),
(147, 18),
(148, 18),
(1, 19),
(2, 19),
(3, 19),
(4, 19),
(5, 19),
(6, 19),
(7, 19),
(8, 19),
(9, 19),
(10, 19),
(11, 19),
(12, 19),
(13, 19),
(14, 19),
(15, 19),
(16, 19),
(17, 19),
(18, 19),
(19, 19),
(21, 19),
(23, 19),
(24, 19),
(26, 19),
(27, 19),
(28, 19),
(29, 19),
(31, 19),
(32, 19),
(33, 19),
(34, 19),
(38, 19),
(39, 19),
(47, 19),
(48, 19),
(49, 19),
(50, 19),
(51, 19),
(52, 19),
(53, 19),
(54, 19),
(55, 19),
(56, 19),
(57, 19),
(58, 19),
(59, 19),
(62, 19),
(63, 19),
(64, 19),
(65, 19),
(66, 19),
(67, 19),
(68, 19),
(69, 19),
(70, 19),
(71, 19),
(72, 19),
(73, 19),
(74, 19),
(75, 19),
(76, 19),
(77, 19),
(78, 19),
(79, 19),
(80, 19),
(81, 19),
(82, 19),
(83, 19),
(84, 19),
(85, 19),
(86, 19),
(87, 19),
(89, 19),
(91, 19),
(92, 19),
(93, 19),
(94, 19),
(95, 19),
(96, 19),
(97, 19),
(101, 19),
(102, 19),
(103, 19),
(104, 19),
(105, 19),
(106, 19),
(107, 19),
(108, 19),
(109, 19),
(110, 19),
(111, 19),
(112, 19),
(113, 19),
(114, 19),
(115, 19),
(117, 19),
(119, 19),
(120, 19),
(121, 19),
(122, 19),
(123, 19),
(124, 19),
(125, 19),
(126, 19),
(127, 19),
(128, 19),
(129, 19),
(130, 19),
(131, 19),
(132, 19),
(133, 19),
(134, 19),
(135, 19),
(136, 19),
(137, 19),
(138, 19),
(139, 19),
(141, 19),
(142, 19),
(143, 19),
(144, 19),
(145, 19),
(146, 19),
(147, 19),
(148, 19),
(1, 20),
(2, 20),
(4, 20),
(5, 20),
(6, 20),
(7, 20),
(9, 20),
(10, 20),
(11, 20),
(12, 20),
(13, 20),
(14, 20),
(15, 20),
(16, 20),
(17, 20),
(18, 20),
(19, 20),
(20, 20),
(21, 20),
(22, 20),
(23, 20),
(24, 20),
(25, 20),
(26, 20),
(27, 20),
(28, 20),
(29, 20),
(30, 20),
(31, 20),
(32, 20),
(34, 20),
(35, 20),
(36, 20),
(37, 20),
(38, 20),
(39, 20),
(42, 20),
(43, 20),
(44, 20),
(45, 20),
(46, 20),
(47, 20),
(48, 20),
(49, 20),
(52, 20),
(53, 20),
(54, 20),
(55, 20),
(56, 20),
(57, 20),
(58, 20),
(59, 20),
(60, 20),
(61, 20),
(62, 20),
(63, 20),
(64, 20),
(65, 20),
(66, 20),
(67, 20),
(68, 20),
(69, 20),
(70, 20),
(71, 20),
(72, 20),
(73, 20),
(74, 20),
(75, 20),
(76, 20),
(77, 20),
(78, 20),
(79, 20),
(80, 20),
(81, 20),
(82, 20),
(83, 20),
(84, 20),
(85, 20),
(86, 20),
(87, 20),
(88, 20),
(89, 20),
(90, 20),
(91, 20),
(92, 20),
(93, 20),
(94, 20),
(95, 20),
(96, 20),
(97, 20),
(98, 20),
(99, 20),
(101, 20),
(102, 20),
(103, 20),
(104, 20),
(105, 20),
(106, 20),
(107, 20),
(108, 20),
(109, 20),
(110, 20),
(111, 20),
(112, 20),
(113, 20),
(114, 20),
(115, 20),
(116, 20),
(117, 20),
(118, 20),
(119, 20),
(120, 20),
(121, 20),
(123, 20),
(124, 20),
(125, 20),
(126, 20),
(127, 20),
(128, 20),
(129, 20),
(130, 20),
(131, 20),
(132, 20),
(133, 20),
(134, 20),
(135, 20),
(136, 20),
(137, 20),
(138, 20),
(139, 20),
(140, 20),
(141, 20),
(142, 20),
(143, 20),
(144, 20),
(145, 20),
(146, 20),
(147, 20),
(148, 20),
(1, 21),
(2, 21),
(3, 21),
(5, 21),
(6, 21),
(7, 21),
(8, 21),
(9, 21),
(10, 21),
(11, 21),
(12, 21),
(13, 21),
(14, 21),
(15, 21),
(16, 21),
(17, 21),
(18, 21),
(19, 21),
(20, 21),
(21, 21),
(22, 21),
(23, 21),
(24, 21),
(25, 21),
(26, 21),
(27, 21),
(28, 21),
(29, 21),
(30, 21),
(31, 21),
(32, 21),
(33, 21),
(34, 21),
(36, 21),
(38, 21),
(39, 21),
(42, 21),
(43, 21),
(44, 21),
(45, 21),
(46, 21),
(47, 21),
(48, 21),
(49, 21),
(50, 21),
(51, 21),
(52, 21),
(53, 21),
(54, 21),
(55, 21),
(56, 21),
(57, 21),
(58, 21),
(59, 21),
(60, 21),
(61, 21),
(62, 21),
(63, 21),
(64, 21),
(65, 21),
(66, 21),
(67, 21),
(68, 21),
(69, 21),
(70, 21),
(71, 21),
(72, 21),
(73, 21),
(74, 21),
(75, 21),
(76, 21),
(77, 21),
(78, 21),
(79, 21),
(80, 21),
(81, 21),
(82, 21),
(83, 21),
(84, 21),
(85, 21),
(86, 21),
(87, 21),
(88, 21),
(89, 21),
(90, 21),
(91, 21),
(92, 21),
(93, 21),
(94, 21),
(95, 21),
(96, 21),
(97, 21),
(98, 21),
(99, 21),
(100, 21),
(101, 21),
(102, 21),
(103, 21),
(104, 21),
(105, 21),
(106, 21),
(107, 21),
(108, 21),
(109, 21),
(110, 21),
(111, 21),
(112, 21),
(113, 21),
(114, 21),
(117, 21),
(118, 21),
(119, 21),
(121, 21),
(122, 21),
(123, 21),
(125, 21),
(126, 21),
(127, 21),
(128, 21),
(129, 21),
(131, 21),
(132, 21),
(133, 21),
(135, 21),
(136, 21),
(137, 21),
(138, 21),
(141, 21),
(142, 21),
(143, 21),
(144, 21),
(145, 21),
(146, 21),
(147, 21),
(148, 21),
(1, 22),
(2, 22),
(3, 22),
(4, 22),
(5, 22),
(6, 22),
(7, 22),
(9, 22),
(11, 22),
(12, 22),
(13, 22),
(15, 22),
(16, 22),
(18, 22),
(21, 22),
(22, 22),
(23, 22),
(24, 22),
(25, 22),
(26, 22),
(27, 22),
(28, 22),
(29, 22),
(32, 22),
(33, 22),
(35, 22),
(36, 22),
(37, 22),
(39, 22),
(42, 22),
(43, 22),
(44, 22),
(45, 22),
(46, 22),
(47, 22),
(48, 22),
(51, 22),
(52, 22),
(53, 22),
(54, 22),
(55, 22),
(56, 22),
(57, 22),
(58, 22),
(59, 22),
(60, 22),
(61, 22),
(62, 22),
(63, 22),
(64, 22),
(65, 22),
(66, 22),
(67, 22),
(68, 22),
(69, 22),
(70, 22),
(71, 22),
(72, 22),
(73, 22),
(74, 22),
(75, 22),
(76, 22),
(77, 22),
(78, 22),
(79, 22),
(80, 22),
(81, 22),
(82, 22),
(83, 22),
(84, 22),
(85, 22),
(86, 22),
(88, 22),
(91, 22),
(92, 22),
(94, 22),
(96, 22),
(97, 22),
(98, 22),
(101, 22),
(102, 22),
(103, 22),
(104, 22),
(105, 22),
(106, 22),
(107, 22),
(108, 22),
(109, 22),
(110, 22),
(111, 22),
(112, 22),
(113, 22),
(114, 22),
(116, 22),
(117, 22),
(118, 22),
(119, 22),
(123, 22),
(124, 22),
(125, 22),
(126, 22),
(128, 22),
(129, 22),
(133, 22),
(134, 22),
(135, 22),
(136, 22),
(138, 22),
(139, 22),
(140, 22),
(142, 22),
(143, 22),
(145, 22),
(146, 22),
(147, 22),
(148, 22),
(1, 23),
(2, 23),
(3, 23),
(4, 23),
(5, 23),
(6, 23),
(8, 23),
(9, 23),
(10, 23),
(11, 23),
(13, 23),
(14, 23),
(15, 23),
(16, 23),
(17, 23),
(18, 23),
(19, 23),
(20, 23),
(21, 23),
(23, 23),
(24, 23),
(25, 23),
(26, 23),
(27, 23),
(28, 23),
(29, 23),
(30, 23),
(33, 23),
(34, 23),
(35, 23),
(36, 23),
(38, 23),
(41, 23),
(43, 23),
(44, 23),
(45, 23),
(46, 23),
(47, 23),
(48, 23),
(49, 23),
(50, 23),
(51, 23),
(53, 23),
(54, 23),
(55, 23),
(56, 23),
(57, 23),
(58, 23),
(59, 23),
(60, 23),
(61, 23),
(63, 23),
(64, 23),
(65, 23),
(66, 23),
(67, 23),
(68, 23),
(69, 23),
(70, 23),
(71, 23),
(73, 23),
(74, 23),
(75, 23),
(76, 23),
(77, 23),
(78, 23),
(79, 23),
(80, 23),
(81, 23),
(83, 23),
(84, 23),
(85, 23),
(86, 23),
(87, 23),
(88, 23),
(89, 23),
(90, 23),
(91, 23),
(93, 23),
(94, 23),
(95, 23),
(96, 23),
(97, 23),
(98, 23),
(99, 23),
(100, 23),
(101, 23),
(103, 23),
(104, 23),
(105, 23),
(106, 23),
(107, 23),
(108, 23),
(109, 23),
(110, 23),
(111, 23),
(113, 23),
(114, 23),
(115, 23),
(116, 23),
(117, 23),
(118, 23),
(119, 23),
(120, 23),
(121, 23),
(123, 23),
(124, 23),
(125, 23),
(126, 23),
(127, 23),
(128, 23),
(129, 23),
(130, 23),
(131, 23),
(133, 23),
(134, 23),
(135, 23),
(136, 23),
(137, 23),
(138, 23),
(139, 23),
(140, 23),
(141, 23),
(143, 23),
(144, 23),
(145, 23),
(146, 23),
(147, 23),
(148, 23),
(1, 24),
(4, 24),
(5, 24),
(6, 24),
(7, 24),
(9, 24),
(11, 24),
(14, 24),
(15, 24),
(16, 24),
(17, 24),
(18, 24),
(19, 24),
(20, 24),
(21, 24),
(22, 24),
(23, 24),
(24, 24),
(25, 24),
(26, 24),
(27, 24),
(28, 24),
(30, 24),
(31, 24),
(32, 24),
(33, 24),
(34, 24),
(36, 24),
(37, 24),
(41, 24),
(44, 24),
(46, 24),
(47, 24),
(50, 24),
(51, 24),
(52, 24),
(53, 24),
(56, 24),
(57, 24),
(58, 24),
(59, 24),
(60, 24),
(61, 24),
(62, 24),
(63, 24),
(64, 24),
(65, 24),
(66, 24),
(68, 24),
(69, 24),
(71, 24),
(72, 24),
(73, 24),
(74, 24),
(75, 24),
(76, 24),
(77, 24),
(78, 24),
(79, 24),
(80, 24),
(81, 24),
(82, 24),
(83, 24),
(85, 24),
(86, 24),
(87, 24),
(88, 24),
(91, 24),
(93, 24),
(94, 24),
(97, 24),
(99, 24),
(100, 24),
(102, 24),
(104, 24),
(106, 24),
(107, 24),
(108, 24),
(109, 24),
(110, 24),
(111, 24),
(112, 24),
(113, 24),
(114, 24),
(115, 24),
(117, 24),
(119, 24),
(122, 24),
(124, 24),
(125, 24),
(126, 24),
(127, 24),
(129, 24),
(130, 24),
(131, 24),
(132, 24),
(133, 24),
(134, 24),
(135, 24),
(136, 24),
(137, 24),
(138, 24),
(139, 24),
(141, 24),
(142, 24),
(143, 24),
(144, 24),
(145, 24),
(147, 24),
(1, 25),
(2, 25),
(3, 25),
(4, 25),
(5, 25),
(6, 25),
(7, 25),
(9, 25),
(10, 25),
(11, 25),
(13, 25),
(15, 25),
(16, 25),
(18, 25),
(19, 25),
(20, 25),
(21, 25),
(22, 25),
(23, 25),
(24, 25),
(25, 25),
(27, 25),
(28, 25),
(29, 25),
(30, 25),
(31, 25),
(32, 25),
(33, 25),
(36, 25),
(39, 25),
(41, 25),
(42, 25),
(45, 25),
(48, 25),
(49, 25),
(51, 25),
(52, 25),
(53, 25),
(54, 25),
(55, 25),
(56, 25),
(57, 25),
(60, 25),
(61, 25),
(62, 25),
(63, 25),
(64, 25),
(65, 25),
(66, 25),
(67, 25),
(68, 25),
(69, 25),
(70, 25),
(71, 25),
(72, 25),
(73, 25),
(74, 25),
(75, 25),
(76, 25),
(77, 25),
(78, 25),
(79, 25),
(80, 25),
(81, 25),
(82, 25),
(83, 25),
(84, 25),
(85, 25),
(86, 25),
(87, 25),
(89, 25),
(91, 25),
(92, 25),
(96, 25),
(97, 25),
(98, 25),
(99, 25),
(102, 25),
(103, 25),
(106, 25),
(107, 25),
(108, 25),
(110, 25),
(111, 25),
(112, 25),
(113, 25),
(114, 25),
(115, 25),
(116, 25),
(117, 25),
(119, 25),
(120, 25),
(121, 25),
(122, 25),
(123, 25),
(125, 25),
(126, 25),
(128, 25),
(129, 25),
(130, 25),
(131, 25),
(132, 25),
(133, 25),
(135, 25),
(136, 25),
(137, 25),
(138, 25),
(139, 25),
(140, 25),
(141, 25),
(142, 25),
(143, 25),
(144, 25),
(145, 25),
(146, 25),
(147, 25),
(148, 25),
(1, 26),
(2, 26),
(3, 26),
(5, 26),
(6, 26),
(7, 26),
(8, 26),
(9, 26),
(10, 26),
(11, 26),
(12, 26),
(13, 26),
(14, 26),
(15, 26),
(18, 26),
(19, 26),
(20, 26),
(22, 26),
(23, 26),
(24, 26),
(25, 26),
(26, 26),
(27, 26),
(29, 26),
(30, 26),
(31, 26),
(32, 26),
(33, 26),
(34, 26),
(37, 26),
(40, 26),
(41, 26),
(42, 26),
(43, 26),
(44, 26),
(45, 26),
(46, 26),
(47, 26),
(48, 26),
(49, 26),
(50, 26),
(51, 26),
(52, 26),
(53, 26),
(54, 26),
(55, 26),
(56, 26),
(57, 26),
(58, 26),
(59, 26),
(62, 26),
(63, 26),
(64, 26),
(65, 26),
(68, 26),
(69, 26),
(70, 26),
(75, 26),
(76, 26),
(77, 26),
(78, 26),
(79, 26),
(82, 26),
(83, 26),
(84, 26),
(85, 26),
(86, 26),
(88, 26),
(89, 26),
(91, 26),
(92, 26),
(93, 26),
(94, 26),
(95, 26),
(96, 26),
(97, 26),
(98, 26),
(99, 26),
(101, 26),
(102, 26),
(103, 26),
(104, 26),
(105, 26),
(106, 26),
(107, 26),
(108, 26),
(109, 26),
(110, 26),
(111, 26),
(112, 26),
(113, 26),
(114, 26),
(115, 26),
(117, 26),
(118, 26),
(119, 26),
(121, 26),
(122, 26),
(123, 26),
(124, 26),
(125, 26),
(126, 26),
(127, 26),
(128, 26),
(129, 26),
(130, 26),
(131, 26),
(132, 26),
(133, 26),
(134, 26),
(135, 26),
(136, 26),
(137, 26),
(138, 26),
(139, 26),
(140, 26),
(141, 26),
(142, 26),
(143, 26),
(144, 26),
(145, 26),
(146, 26),
(147, 26),
(148, 26),
(1, 27),
(2, 27),
(3, 27),
(5, 27),
(6, 27),
(8, 27),
(10, 27),
(11, 27),
(13, 27),
(14, 27),
(16, 27),
(17, 27),
(18, 27),
(20, 27),
(21, 27),
(22, 27),
(23, 27),
(24, 27),
(25, 27),
(26, 27),
(27, 27),
(28, 27),
(29, 27),
(31, 27),
(32, 27),
(33, 27),
(36, 27),
(37, 27),
(38, 27),
(39, 27),
(40, 27),
(41, 27),
(43, 27),
(44, 27),
(45, 27),
(48, 27),
(49, 27),
(52, 27),
(53, 27),
(54, 27),
(55, 27),
(56, 27),
(57, 27),
(58, 27),
(59, 27),
(61, 27),
(62, 27),
(63, 27),
(64, 27),
(65, 27),
(66, 27),
(67, 27),
(68, 27),
(69, 27),
(70, 27),
(71, 27),
(72, 27),
(73, 27),
(74, 27),
(75, 27),
(76, 27),
(77, 27),
(78, 27),
(79, 27),
(80, 27),
(81, 27),
(82, 27),
(83, 27),
(84, 27),
(85, 27),
(86, 27),
(87, 27),
(89, 27),
(91, 27),
(93, 27),
(95, 27),
(96, 27),
(97, 27),
(99, 27),
(101, 27),
(102, 27),
(103, 27),
(104, 27),
(105, 27),
(106, 27),
(107, 27),
(108, 27),
(109, 27),
(111, 27),
(112, 27),
(113, 27),
(114, 27),
(115, 27),
(116, 27),
(117, 27),
(118, 27),
(119, 27),
(120, 27),
(121, 27),
(122, 27),
(124, 27),
(126, 27),
(128, 27),
(129, 27),
(130, 27),
(131, 27),
(132, 27),
(133, 27),
(134, 27),
(135, 27),
(136, 27),
(137, 27),
(138, 27),
(139, 27),
(140, 27),
(141, 27),
(142, 27),
(143, 27),
(144, 27),
(146, 27),
(148, 27),
(1, 28),
(2, 28),
(3, 28),
(6, 28),
(8, 28),
(9, 28),
(10, 28),
(11, 28),
(13, 28),
(14, 28),
(15, 28),
(16, 28),
(17, 28),
(18, 28),
(19, 28),
(20, 28),
(22, 28),
(23, 28),
(24, 28),
(25, 28),
(26, 28),
(27, 28),
(28, 28),
(29, 28),
(30, 28),
(31, 28),
(32, 28),
(33, 28),
(34, 28),
(36, 28),
(37, 28),
(38, 28),
(39, 28),
(40, 28),
(41, 28),
(43, 28),
(44, 28),
(45, 28),
(48, 28),
(49, 28),
(52, 28),
(53, 28),
(54, 28),
(55, 28),
(56, 28),
(57, 28),
(58, 28),
(59, 28),
(61, 28),
(62, 28),
(63, 28),
(64, 28),
(65, 28),
(66, 28),
(67, 28),
(68, 28),
(69, 28),
(70, 28),
(71, 28),
(72, 28),
(73, 28),
(74, 28),
(75, 28),
(76, 28),
(77, 28),
(78, 28),
(79, 28),
(80, 28),
(81, 28),
(82, 28),
(83, 28),
(84, 28),
(85, 28),
(86, 28),
(87, 28),
(89, 28),
(91, 28),
(93, 28),
(95, 28),
(96, 28),
(97, 28),
(98, 28),
(99, 28),
(101, 28),
(102, 28),
(104, 28),
(105, 28),
(106, 28),
(107, 28),
(108, 28),
(109, 28),
(111, 28),
(112, 28),
(113, 28),
(114, 28),
(115, 28),
(116, 28),
(118, 28),
(119, 28),
(120, 28),
(121, 28),
(122, 28),
(124, 28),
(126, 28),
(128, 28),
(129, 28),
(130, 28),
(131, 28),
(132, 28),
(133, 28),
(134, 28),
(135, 28),
(136, 28),
(137, 28),
(138, 28),
(139, 28),
(140, 28),
(141, 28),
(142, 28),
(143, 28),
(144, 28),
(146, 28),
(148, 28),
(1, 29),
(2, 29),
(3, 29),
(5, 29),
(6, 29),
(9, 29),
(10, 29),
(11, 29),
(14, 29),
(15, 29),
(16, 29),
(17, 29),
(18, 29),
(19, 29),
(20, 29),
(21, 29),
(24, 29),
(25, 29),
(26, 29),
(28, 29),
(29, 29),
(30, 29),
(31, 29),
(32, 29),
(33, 29),
(34, 29),
(36, 29),
(37, 29),
(39, 29),
(40, 29),
(41, 29),
(43, 29),
(44, 29),
(45, 29),
(48, 29),
(49, 29),
(52, 29),
(53, 29),
(54, 29),
(55, 29),
(56, 29),
(57, 29),
(58, 29),
(59, 29),
(61, 29),
(62, 29),
(63, 29),
(64, 29),
(65, 29),
(66, 29),
(67, 29),
(68, 29),
(69, 29),
(70, 29),
(71, 29),
(72, 29),
(73, 29),
(74, 29),
(75, 29),
(76, 29),
(77, 29),
(78, 29),
(79, 29),
(80, 29),
(81, 29),
(82, 29),
(83, 29),
(84, 29),
(85, 29),
(86, 29),
(87, 29),
(89, 29),
(91, 29),
(93, 29),
(95, 29),
(96, 29),
(97, 29),
(99, 29),
(100, 29),
(101, 29),
(102, 29),
(103, 29),
(104, 29),
(105, 29),
(106, 29),
(107, 29),
(108, 29),
(109, 29),
(110, 29),
(111, 29),
(112, 29),
(113, 29),
(114, 29),
(115, 29),
(116, 29),
(117, 29),
(118, 29),
(119, 29),
(121, 29),
(122, 29),
(124, 29),
(126, 29),
(128, 29),
(129, 29),
(130, 29),
(131, 29),
(132, 29),
(133, 29),
(134, 29),
(135, 29),
(136, 29),
(137, 29),
(138, 29),
(139, 29),
(140, 29),
(141, 29),
(142, 29),
(143, 29),
(144, 29),
(146, 29),
(148, 29),
(1, 30),
(2, 30),
(3, 30),
(5, 30),
(6, 30),
(8, 30),
(9, 30),
(10, 30),
(13, 30),
(14, 30),
(15, 30),
(16, 30),
(17, 30),
(18, 30),
(19, 30),
(20, 30),
(21, 30),
(23, 30),
(24, 30),
(25, 30),
(26, 30),
(28, 30),
(30, 30),
(31, 30),
(32, 30),
(34, 30),
(36, 30),
(37, 30),
(39, 30),
(41, 30),
(43, 30),
(44, 30),
(45, 30),
(48, 30),
(49, 30),
(52, 30),
(53, 30),
(54, 30),
(55, 30),
(56, 30),
(58, 30),
(59, 30),
(61, 30),
(62, 30),
(63, 30),
(64, 30),
(65, 30),
(66, 30),
(67, 30),
(68, 30),
(69, 30),
(70, 30),
(71, 30),
(72, 30),
(73, 30),
(74, 30),
(75, 30),
(76, 30),
(77, 30),
(78, 30),
(79, 30),
(80, 30),
(81, 30),
(82, 30),
(83, 30),
(84, 30),
(85, 30),
(86, 30),
(87, 30),
(91, 30),
(93, 30),
(95, 30),
(96, 30),
(97, 30),
(99, 30),
(100, 30),
(101, 30),
(102, 30),
(103, 30),
(104, 30),
(105, 30),
(106, 30),
(107, 30),
(108, 30),
(109, 30),
(110, 30),
(111, 30),
(112, 30),
(113, 30),
(114, 30),
(115, 30),
(116, 30),
(117, 30),
(118, 30),
(119, 30),
(121, 30),
(122, 30),
(124, 30),
(126, 30),
(128, 30),
(129, 30),
(130, 30),
(131, 30),
(132, 30),
(133, 30),
(134, 30),
(135, 30),
(136, 30),
(137, 30),
(138, 30),
(139, 30),
(140, 30),
(141, 30),
(142, 30),
(143, 30),
(144, 30),
(146, 30),
(148, 30),
(1, 31),
(5, 31),
(6, 31),
(7, 31),
(8, 31),
(9, 31),
(10, 31),
(11, 31),
(12, 31),
(13, 31),
(14, 31),
(15, 31),
(16, 31),
(17, 31),
(19, 31),
(20, 31),
(21, 31),
(22, 31),
(23, 31),
(25, 31),
(26, 31),
(27, 31),
(28, 31),
(29, 31),
(30, 31),
(31, 31),
(33, 31),
(34, 31),
(35, 31),
(36, 31),
(37, 31),
(38, 31),
(39, 31),
(41, 31),
(42, 31),
(43, 31),
(44, 31),
(45, 31),
(46, 31),
(47, 31),
(48, 31),
(49, 31),
(51, 31),
(52, 31),
(53, 31),
(54, 31),
(55, 31),
(56, 31),
(58, 31),
(59, 31),
(61, 31),
(63, 31),
(65, 31),
(66, 31),
(67, 31),
(68, 31),
(69, 31),
(70, 31),
(71, 31),
(72, 31),
(73, 31),
(74, 31),
(75, 31),
(76, 31),
(77, 31),
(78, 31),
(79, 31),
(81, 31),
(82, 31),
(83, 31),
(84, 31),
(85, 31),
(86, 31),
(88, 31),
(89, 31),
(90, 31),
(91, 31),
(92, 31),
(93, 31),
(94, 31),
(95, 31),
(96, 31),
(97, 31),
(98, 31),
(99, 31),
(100, 31),
(102, 31),
(104, 31),
(105, 31),
(106, 31),
(107, 31),
(109, 31),
(110, 31),
(111, 31),
(112, 31),
(113, 31),
(114, 31),
(115, 31),
(116, 31),
(117, 31),
(118, 31),
(119, 31),
(120, 31),
(121, 31),
(122, 31),
(123, 31),
(124, 31),
(125, 31),
(126, 31),
(127, 31),
(128, 31),
(129, 31),
(130, 31),
(131, 31),
(132, 31),
(133, 31),
(134, 31),
(135, 31),
(136, 31),
(137, 31),
(138, 31),
(139, 31),
(140, 31),
(141, 31),
(142, 31),
(143, 31),
(144, 31),
(145, 31),
(146, 31),
(147, 31),
(148, 31),
(1, 32),
(2, 32),
(3, 32),
(4, 32),
(5, 32),
(6, 32),
(7, 32),
(8, 32),
(9, 32),
(10, 32),
(11, 32),
(12, 32),
(13, 32),
(14, 32),
(15, 32),
(17, 32),
(18, 32),
(19, 32),
(20, 32),
(21, 32),
(23, 32),
(24, 32),
(27, 32),
(28, 32),
(29, 32),
(30, 32),
(31, 32),
(32, 32),
(33, 32),
(34, 32),
(35, 32),
(36, 32),
(37, 32),
(41, 32),
(42, 32),
(43, 32),
(44, 32),
(45, 32),
(46, 32),
(47, 32),
(48, 32),
(49, 32),
(51, 32),
(52, 32),
(53, 32),
(54, 32),
(55, 32),
(56, 32),
(58, 32),
(59, 32),
(61, 32),
(63, 32),
(65, 32),
(66, 32),
(67, 32),
(68, 32),
(69, 32),
(70, 32),
(71, 32),
(72, 32),
(73, 32),
(74, 32),
(75, 32),
(76, 32),
(77, 32),
(78, 32),
(79, 32),
(81, 32),
(82, 32),
(83, 32),
(84, 32),
(85, 32),
(86, 32),
(88, 32),
(89, 32),
(90, 32),
(91, 32),
(92, 32),
(93, 32),
(94, 32),
(95, 32),
(96, 32),
(97, 32),
(98, 32),
(99, 32),
(100, 32),
(102, 32),
(104, 32),
(105, 32),
(106, 32),
(107, 32),
(111, 32),
(112, 32),
(113, 32),
(114, 32),
(115, 32),
(116, 32),
(117, 32),
(118, 32),
(119, 32),
(121, 32),
(122, 32),
(125, 32),
(126, 32),
(130, 32),
(133, 32),
(134, 32),
(136, 32),
(137, 32),
(138, 32),
(140, 32),
(142, 32),
(143, 32),
(144, 32),
(145, 32),
(147, 32),
(148, 32),
(1, 33),
(2, 33),
(4, 33),
(5, 33),
(6, 33),
(7, 33),
(8, 33),
(10, 33),
(11, 33),
(12, 33),
(13, 33),
(14, 33),
(15, 33),
(16, 33),
(18, 33),
(20, 33),
(22, 33),
(23, 33),
(24, 33),
(25, 33),
(26, 33),
(28, 33),
(29, 33),
(32, 33),
(33, 33),
(35, 33),
(36, 33),
(37, 33),
(38, 33),
(39, 33),
(41, 33),
(42, 33),
(44, 33),
(45, 33),
(46, 33),
(47, 33),
(48, 33),
(49, 33),
(50, 33),
(52, 33),
(53, 33),
(54, 33),
(56, 33),
(57, 33),
(58, 33),
(59, 33),
(60, 33),
(61, 33),
(62, 33),
(64, 33),
(65, 33),
(66, 33),
(67, 33),
(69, 33),
(70, 33),
(71, 33),
(72, 33),
(73, 33),
(74, 33),
(76, 33),
(77, 33),
(78, 33),
(79, 33),
(80, 33),
(81, 33),
(82, 33),
(83, 33),
(84, 33),
(85, 33),
(86, 33),
(89, 33),
(90, 33),
(91, 33),
(92, 33),
(93, 33),
(95, 33),
(96, 33),
(97, 33),
(98, 33),
(99, 33),
(101, 33),
(102, 33),
(103, 33),
(104, 33),
(105, 33),
(106, 33),
(107, 33),
(108, 33),
(109, 33),
(110, 33),
(111, 33),
(112, 33),
(113, 33),
(114, 33),
(115, 33),
(116, 33),
(117, 33),
(118, 33),
(119, 33),
(121, 33),
(122, 33),
(124, 33),
(125, 33),
(126, 33),
(127, 33),
(128, 33),
(129, 33),
(130, 33),
(131, 33),
(132, 33),
(133, 33),
(134, 33),
(135, 33),
(136, 33),
(137, 33),
(138, 33),
(139, 33),
(140, 33),
(141, 33),
(143, 33),
(144, 33),
(145, 33),
(146, 33),
(147, 33),
(148, 33),
(1, 34),
(2, 34),
(4, 34),
(5, 34),
(6, 34),
(7, 34),
(8, 34),
(9, 34),
(10, 34),
(11, 34),
(12, 34),
(13, 34),
(15, 34),
(16, 34),
(18, 34),
(19, 34),
(20, 34),
(21, 34),
(22, 34),
(23, 34),
(24, 34),
(25, 34),
(26, 34),
(27, 34),
(28, 34),
(29, 34),
(30, 34),
(31, 34),
(32, 34),
(33, 34),
(34, 34),
(36, 34),
(37, 34),
(38, 34),
(39, 34),
(41, 34),
(42, 34),
(44, 34),
(45, 34),
(46, 34),
(47, 34),
(48, 34),
(49, 34),
(50, 34),
(52, 34),
(53, 34),
(54, 34),
(56, 34),
(57, 34),
(60, 34),
(61, 34),
(62, 34),
(64, 34),
(65, 34),
(66, 34),
(67, 34),
(69, 34),
(70, 34),
(71, 34),
(72, 34),
(73, 34),
(74, 34),
(76, 34),
(77, 34),
(78, 34),
(79, 34),
(80, 34),
(81, 34),
(82, 34),
(83, 34),
(84, 34),
(85, 34),
(86, 34),
(89, 34),
(90, 34),
(91, 34),
(92, 34),
(93, 34),
(95, 34),
(96, 34),
(97, 34),
(98, 34),
(99, 34),
(101, 34),
(102, 34),
(103, 34),
(104, 34),
(105, 34),
(106, 34),
(107, 34),
(108, 34),
(109, 34),
(110, 34),
(111, 34),
(112, 34),
(113, 34),
(114, 34),
(115, 34),
(116, 34),
(117, 34),
(118, 34),
(119, 34),
(121, 34),
(122, 34),
(124, 34),
(125, 34),
(126, 34),
(127, 34),
(129, 34),
(130, 34),
(131, 34),
(132, 34),
(133, 34),
(134, 34),
(135, 34),
(136, 34),
(137, 34),
(138, 34),
(139, 34),
(140, 34),
(141, 34),
(143, 34),
(144, 34),
(145, 34),
(146, 34),
(147, 34),
(148, 34),
(1, 35),
(2, 35),
(4, 35),
(5, 35),
(6, 35),
(8, 35),
(9, 35),
(10, 35),
(11, 35),
(13, 35),
(14, 35),
(15, 35),
(16, 35),
(18, 35),
(20, 35),
(21, 35),
(22, 35),
(23, 35),
(24, 35),
(25, 35),
(26, 35),
(27, 35),
(28, 35),
(29, 35),
(30, 35),
(31, 35),
(32, 35),
(33, 35),
(34, 35),
(35, 35),
(36, 35),
(37, 35),
(38, 35),
(39, 35),
(41, 35),
(42, 35),
(44, 35),
(45, 35),
(46, 35),
(47, 35),
(48, 35),
(49, 35),
(50, 35),
(52, 35),
(53, 35),
(54, 35),
(56, 35),
(57, 35),
(60, 35),
(61, 35),
(62, 35),
(64, 35),
(65, 35),
(66, 35),
(67, 35),
(69, 35),
(70, 35),
(71, 35),
(72, 35),
(73, 35),
(74, 35),
(76, 35),
(77, 35),
(78, 35),
(79, 35),
(80, 35),
(81, 35),
(82, 35),
(83, 35),
(84, 35),
(85, 35),
(86, 35),
(91, 35),
(92, 35),
(93, 35),
(95, 35),
(96, 35),
(97, 35),
(98, 35),
(99, 35),
(101, 35),
(102, 35),
(103, 35),
(104, 35),
(105, 35),
(106, 35),
(107, 35),
(108, 35),
(109, 35),
(110, 35),
(111, 35),
(112, 35),
(113, 35),
(114, 35),
(115, 35),
(117, 35),
(118, 35),
(119, 35),
(121, 35),
(122, 35),
(124, 35),
(125, 35),
(126, 35),
(127, 35),
(129, 35),
(130, 35),
(131, 35),
(132, 35),
(133, 35),
(134, 35),
(135, 35),
(136, 35),
(137, 35),
(138, 35),
(139, 35),
(140, 35),
(141, 35),
(143, 35),
(144, 35),
(146, 35),
(147, 35),
(1, 36),
(2, 36),
(3, 36),
(6, 36),
(7, 36),
(8, 36),
(9, 36),
(10, 36),
(11, 36),
(12, 36),
(14, 36),
(16, 36),
(17, 36),
(18, 36),
(19, 36),
(20, 36),
(21, 36),
(22, 36),
(24, 36),
(25, 36),
(26, 36),
(27, 36),
(28, 36),
(29, 36),
(30, 36),
(31, 36),
(32, 36),
(33, 36),
(34, 36),
(35, 36),
(36, 36),
(37, 36),
(38, 36),
(41, 36),
(42, 36),
(47, 36),
(48, 36),
(49, 36),
(50, 36),
(51, 36),
(52, 36),
(53, 36),
(54, 36),
(55, 36),
(56, 36),
(57, 36),
(58, 36),
(59, 36),
(60, 36),
(61, 36),
(62, 36),
(63, 36),
(64, 36),
(65, 36),
(68, 36),
(69, 36),
(70, 36),
(71, 36),
(72, 36),
(73, 36),
(74, 36),
(75, 36),
(76, 36),
(77, 36),
(78, 36),
(79, 36),
(80, 36),
(81, 36),
(82, 36),
(83, 36),
(84, 36),
(85, 36),
(86, 36),
(87, 36),
(88, 36),
(89, 36),
(92, 36),
(93, 36),
(94, 36),
(95, 36),
(96, 36),
(97, 36),
(98, 36),
(99, 36),
(100, 36),
(101, 36),
(102, 36),
(103, 36),
(105, 36),
(106, 36),
(107, 36),
(108, 36),
(109, 36),
(110, 36),
(111, 36),
(112, 36),
(113, 36),
(114, 36),
(115, 36),
(116, 36),
(118, 36),
(119, 36),
(120, 36),
(121, 36),
(123, 36),
(124, 36),
(125, 36),
(126, 36),
(127, 36),
(128, 36),
(129, 36),
(130, 36),
(131, 36),
(132, 36),
(133, 36),
(134, 36),
(135, 36),
(136, 36),
(137, 36),
(138, 36),
(139, 36),
(140, 36),
(141, 36),
(142, 36),
(143, 36),
(144, 36),
(145, 36),
(146, 36),
(147, 36),
(148, 36),
(1, 37),
(2, 37),
(3, 37),
(4, 37),
(5, 37),
(6, 37),
(7, 37),
(9, 37),
(10, 37),
(11, 37),
(12, 37),
(14, 37),
(15, 37),
(16, 37),
(17, 37),
(18, 37),
(19, 37),
(20, 37),
(21, 37),
(22, 37),
(23, 37),
(24, 37),
(25, 37),
(26, 37),
(27, 37),
(29, 37),
(30, 37),
(31, 37),
(32, 37),
(34, 37),
(35, 37),
(36, 37),
(37, 37),
(38, 37),
(41, 37),
(47, 37),
(48, 37),
(49, 37),
(50, 37),
(51, 37),
(52, 37),
(53, 37),
(54, 37),
(56, 37),
(57, 37),
(59, 37),
(60, 37),
(61, 37),
(62, 37),
(63, 37),
(64, 37),
(65, 37),
(68, 37),
(69, 37),
(70, 37),
(71, 37),
(72, 37),
(73, 37),
(74, 37),
(75, 37),
(76, 37),
(77, 37),
(78, 37),
(79, 37),
(80, 37),
(81, 37),
(82, 37),
(83, 37),
(84, 37),
(85, 37),
(86, 37),
(87, 37),
(88, 37),
(89, 37),
(92, 37),
(93, 37),
(94, 37),
(95, 37),
(96, 37),
(97, 37),
(98, 37),
(99, 37),
(100, 37),
(101, 37),
(102, 37),
(103, 37),
(105, 37),
(106, 37),
(107, 37),
(108, 37),
(109, 37),
(110, 37),
(111, 37),
(112, 37),
(113, 37),
(114, 37),
(115, 37),
(116, 37),
(118, 37),
(119, 37),
(120, 37),
(121, 37),
(122, 37),
(123, 37),
(125, 37),
(126, 37),
(127, 37),
(128, 37),
(129, 37),
(130, 37),
(131, 37),
(132, 37),
(133, 37),
(134, 37),
(135, 37),
(137, 37),
(138, 37),
(139, 37),
(140, 37),
(141, 37),
(143, 37),
(144, 37),
(145, 37),
(146, 37),
(147, 37),
(148, 37),
(1, 38),
(2, 38),
(3, 38),
(5, 38),
(6, 38),
(7, 38),
(9, 38),
(10, 38),
(11, 38),
(14, 38),
(15, 38),
(16, 38),
(17, 38),
(18, 38),
(19, 38),
(20, 38),
(21, 38),
(22, 38),
(23, 38),
(24, 38),
(26, 38),
(27, 38),
(28, 38),
(29, 38),
(30, 38),
(31, 38),
(32, 38),
(33, 38),
(34, 38),
(35, 38),
(37, 38),
(41, 38),
(47, 38),
(48, 38),
(49, 38),
(50, 38),
(51, 38),
(52, 38),
(53, 38),
(54, 38),
(56, 38),
(57, 38),
(59, 38),
(60, 38),
(61, 38),
(62, 38),
(63, 38),
(64, 38),
(65, 38),
(68, 38),
(69, 38),
(70, 38),
(71, 38),
(72, 38),
(73, 38),
(74, 38),
(75, 38),
(76, 38),
(77, 38),
(78, 38),
(79, 38),
(80, 38),
(81, 38),
(82, 38),
(83, 38),
(84, 38),
(85, 38),
(86, 38),
(87, 38),
(89, 38),
(92, 38),
(93, 38),
(94, 38),
(95, 38),
(97, 38),
(98, 38),
(99, 38),
(100, 38),
(101, 38),
(102, 38),
(103, 38),
(105, 38),
(106, 38),
(107, 38),
(108, 38),
(109, 38),
(110, 38),
(111, 38),
(112, 38),
(113, 38),
(114, 38),
(115, 38),
(116, 38),
(118, 38),
(119, 38),
(120, 38),
(121, 38),
(122, 38),
(123, 38),
(125, 38),
(126, 38),
(127, 38),
(128, 38),
(129, 38),
(130, 38),
(131, 38),
(132, 38),
(133, 38),
(134, 38),
(135, 38),
(137, 38),
(138, 38),
(139, 38),
(140, 38),
(141, 38),
(143, 38),
(144, 38),
(145, 38),
(146, 38),
(147, 38),
(148, 38),
(2, 39),
(3, 39),
(5, 39),
(6, 39),
(7, 39),
(9, 39),
(10, 39),
(11, 39),
(14, 39),
(15, 39),
(16, 39),
(17, 39),
(18, 39),
(19, 39),
(20, 39),
(21, 39),
(22, 39),
(23, 39),
(24, 39),
(25, 39),
(26, 39),
(27, 39),
(28, 39),
(29, 39),
(30, 39),
(31, 39),
(33, 39),
(35, 39),
(37, 39),
(39, 39),
(40, 39),
(41, 39),
(42, 39),
(43, 39),
(47, 39),
(48, 39),
(49, 39),
(50, 39),
(51, 39),
(52, 39),
(53, 39),
(54, 39),
(55, 39),
(56, 39),
(57, 39),
(58, 39),
(59, 39),
(60, 39),
(61, 39),
(62, 39),
(63, 39),
(64, 39),
(65, 39),
(68, 39),
(69, 39),
(70, 39),
(71, 39),
(72, 39),
(73, 39),
(74, 39),
(75, 39),
(76, 39),
(77, 39),
(78, 39),
(79, 39),
(80, 39),
(81, 39),
(82, 39),
(83, 39),
(84, 39),
(85, 39),
(86, 39),
(87, 39),
(89, 39),
(92, 39),
(93, 39),
(94, 39),
(95, 39),
(97, 39),
(98, 39),
(100, 39),
(101, 39),
(102, 39),
(103, 39),
(105, 39),
(106, 39),
(107, 39),
(108, 39),
(109, 39),
(110, 39),
(111, 39),
(112, 39),
(113, 39),
(114, 39),
(115, 39),
(116, 39),
(118, 39),
(119, 39),
(120, 39),
(121, 39),
(122, 39),
(123, 39),
(125, 39),
(126, 39),
(127, 39),
(128, 39),
(129, 39),
(130, 39),
(131, 39),
(132, 39),
(133, 39),
(134, 39),
(135, 39),
(137, 39),
(138, 39),
(139, 39),
(140, 39),
(141, 39),
(143, 39),
(144, 39),
(145, 39),
(146, 39),
(147, 39),
(148, 39),
(2, 40),
(3, 40),
(5, 40),
(6, 40),
(7, 40),
(9, 40),
(11, 40),
(14, 40),
(15, 40),
(16, 40),
(17, 40),
(18, 40),
(19, 40),
(20, 40),
(21, 40),
(22, 40),
(23, 40),
(24, 40),
(25, 40),
(26, 40),
(28, 40),
(29, 40),
(30, 40),
(31, 40),
(32, 40),
(33, 40),
(34, 40),
(35, 40),
(39, 40),
(40, 40),
(41, 40),
(42, 40),
(43, 40),
(47, 40),
(48, 40),
(49, 40),
(50, 40),
(51, 40),
(52, 40),
(53, 40),
(54, 40),
(55, 40),
(56, 40),
(57, 40),
(58, 40),
(59, 40),
(60, 40),
(61, 40),
(62, 40),
(63, 40),
(64, 40),
(65, 40),
(68, 40),
(69, 40),
(70, 40),
(71, 40),
(72, 40),
(73, 40),
(74, 40),
(75, 40),
(76, 40),
(77, 40),
(78, 40),
(79, 40),
(80, 40),
(81, 40),
(82, 40),
(83, 40),
(84, 40),
(85, 40),
(86, 40),
(87, 40),
(89, 40),
(92, 40),
(93, 40),
(94, 40),
(95, 40),
(97, 40),
(98, 40),
(100, 40),
(101, 40),
(102, 40),
(103, 40),
(105, 40),
(106, 40),
(107, 40),
(108, 40),
(109, 40),
(110, 40),
(112, 40),
(113, 40),
(114, 40),
(115, 40),
(116, 40),
(118, 40),
(119, 40),
(120, 40),
(121, 40),
(122, 40),
(123, 40),
(125, 40),
(126, 40),
(127, 40),
(128, 40),
(129, 40),
(130, 40),
(131, 40),
(132, 40),
(133, 40),
(134, 40),
(135, 40),
(137, 40),
(138, 40),
(139, 40),
(140, 40),
(141, 40),
(143, 40),
(144, 40),
(145, 40),
(146, 40),
(147, 40),
(148, 40),
(2, 41),
(3, 41),
(5, 41),
(6, 41),
(7, 41),
(9, 41),
(10, 41),
(11, 41),
(13, 41),
(14, 41),
(15, 41),
(16, 41),
(17, 41),
(18, 41),
(19, 41),
(20, 41),
(21, 41),
(23, 41),
(24, 41),
(25, 41),
(27, 41),
(28, 41),
(29, 41),
(30, 41),
(31, 41),
(32, 41),
(33, 41),
(34, 41),
(35, 41),
(40, 41),
(41, 41),
(42, 41),
(43, 41),
(47, 41),
(48, 41),
(49, 41),
(50, 41),
(51, 41),
(52, 41),
(53, 41),
(54, 41),
(55, 41),
(56, 41),
(57, 41),
(58, 41),
(59, 41),
(60, 41),
(61, 41),
(62, 41),
(63, 41),
(64, 41),
(65, 41),
(68, 41),
(69, 41),
(70, 41),
(71, 41),
(72, 41),
(73, 41),
(74, 41),
(75, 41),
(76, 41),
(77, 41),
(78, 41),
(79, 41),
(80, 41),
(81, 41),
(82, 41),
(83, 41),
(84, 41),
(85, 41),
(86, 41),
(87, 41),
(89, 41),
(92, 41),
(93, 41),
(94, 41),
(95, 41),
(97, 41),
(98, 41),
(100, 41),
(101, 41),
(102, 41),
(103, 41),
(105, 41),
(106, 41),
(107, 41),
(108, 41),
(109, 41),
(110, 41),
(112, 41),
(113, 41),
(114, 41),
(115, 41),
(116, 41),
(118, 41),
(119, 41),
(120, 41),
(121, 41),
(122, 41),
(123, 41),
(125, 41),
(126, 41),
(127, 41),
(128, 41),
(129, 41),
(130, 41),
(131, 41),
(132, 41),
(133, 41),
(134, 41),
(135, 41),
(137, 41),
(138, 41),
(139, 41),
(141, 41),
(143, 41),
(144, 41),
(145, 41),
(146, 41),
(147, 41),
(148, 41),
(3, 42),
(5, 42),
(6, 42),
(7, 42),
(9, 42),
(10, 42),
(13, 42),
(14, 42),
(15, 42),
(16, 42),
(17, 42),
(18, 42),
(20, 42),
(21, 42),
(22, 42),
(23, 42),
(24, 42),
(25, 42),
(26, 42),
(27, 42),
(28, 42),
(29, 42),
(30, 42),
(31, 42),
(32, 42),
(33, 42),
(35, 42),
(40, 42),
(41, 42),
(42, 42),
(43, 42),
(47, 42),
(48, 42),
(49, 42),
(50, 42),
(51, 42),
(52, 42),
(53, 42),
(54, 42),
(55, 42),
(56, 42),
(57, 42),
(58, 42),
(59, 42),
(60, 42),
(61, 42),
(62, 42),
(63, 42),
(64, 42),
(65, 42),
(68, 42),
(69, 42),
(70, 42),
(71, 42),
(72, 42),
(73, 42),
(74, 42),
(75, 42),
(76, 42),
(77, 42),
(78, 42),
(79, 42),
(80, 42),
(81, 42),
(82, 42),
(83, 42),
(84, 42),
(85, 42),
(86, 42),
(87, 42),
(88, 42),
(89, 42),
(91, 42),
(92, 42),
(93, 42),
(94, 42),
(95, 42),
(96, 42),
(97, 42),
(98, 42),
(100, 42),
(101, 42),
(102, 42),
(103, 42),
(104, 42),
(105, 42),
(106, 42),
(107, 42),
(108, 42),
(109, 42),
(110, 42),
(112, 42),
(113, 42),
(114, 42),
(115, 42),
(116, 42),
(118, 42),
(119, 42),
(120, 42),
(121, 42),
(122, 42),
(123, 42),
(125, 42),
(126, 42),
(127, 42),
(128, 42),
(129, 42),
(130, 42),
(131, 42),
(132, 42),
(133, 42),
(134, 42),
(135, 42),
(137, 42),
(138, 42),
(139, 42),
(141, 42),
(143, 42),
(144, 42),
(145, 42),
(146, 42),
(147, 42),
(148, 42),
(1, 43),
(2, 43),
(3, 43),
(4, 43),
(6, 43),
(7, 43),
(8, 43),
(9, 43),
(10, 43),
(11, 43),
(12, 43),
(13, 43),
(14, 43),
(15, 43),
(16, 43),
(17, 43),
(18, 43),
(19, 43),
(21, 43),
(22, 43),
(23, 43),
(24, 43),
(25, 43),
(26, 43),
(27, 43),
(28, 43),
(29, 43),
(30, 43),
(32, 43),
(33, 43),
(34, 43),
(35, 43),
(36, 43),
(37, 43),
(38, 43),
(39, 43),
(41, 43),
(42, 43),
(44, 43),
(45, 43),
(46, 43),
(47, 43),
(48, 43),
(49, 43),
(50, 43),
(51, 43),
(52, 43),
(53, 43),
(54, 43),
(55, 43),
(56, 43),
(57, 43),
(58, 43),
(60, 43),
(61, 43),
(62, 43),
(64, 43),
(65, 43),
(66, 43),
(67, 43),
(68, 43),
(69, 43),
(71, 43),
(72, 43),
(73, 43),
(74, 43),
(75, 43),
(76, 43),
(77, 43),
(78, 43),
(79, 43),
(80, 43),
(81, 43),
(84, 43),
(85, 43),
(86, 43),
(87, 43),
(89, 43),
(90, 43),
(91, 43),
(92, 43),
(93, 43),
(94, 43),
(95, 43),
(96, 43),
(97, 43),
(98, 43),
(99, 43),
(101, 43),
(102, 43),
(103, 43),
(104, 43),
(105, 43),
(106, 43),
(107, 43),
(108, 43),
(109, 43),
(110, 43),
(111, 43),
(112, 43),
(113, 43),
(114, 43),
(115, 43),
(116, 43),
(117, 43),
(118, 43),
(120, 43),
(121, 43),
(122, 43),
(123, 43),
(124, 43),
(125, 43),
(126, 43),
(127, 43),
(129, 43),
(130, 43),
(131, 43),
(132, 43),
(133, 43),
(135, 43),
(136, 43),
(137, 43),
(138, 43),
(139, 43),
(140, 43),
(141, 43),
(142, 43),
(143, 43),
(144, 43),
(145, 43),
(146, 43),
(147, 43),
(148, 43),
(1, 44),
(2, 44),
(3, 44),
(4, 44),
(5, 44),
(6, 44),
(7, 44),
(8, 44),
(9, 44),
(10, 44),
(11, 44),
(12, 44),
(13, 44),
(14, 44),
(15, 44),
(16, 44),
(17, 44),
(19, 44),
(20, 44),
(21, 44),
(22, 44),
(23, 44),
(24, 44),
(25, 44),
(26, 44),
(27, 44),
(28, 44),
(30, 44),
(31, 44),
(32, 44),
(33, 44),
(34, 44),
(35, 44),
(36, 44),
(37, 44),
(38, 44),
(39, 44),
(40, 44),
(41, 44),
(43, 44),
(44, 44),
(45, 44),
(46, 44),
(47, 44),
(50, 44),
(51, 44),
(52, 44),
(53, 44),
(54, 44),
(55, 44),
(56, 44),
(57, 44),
(58, 44),
(59, 44),
(60, 44),
(61, 44),
(62, 44),
(63, 44),
(64, 44),
(65, 44),
(66, 44),
(68, 44),
(69, 44),
(70, 44),
(71, 44),
(72, 44),
(73, 44),
(74, 44),
(75, 44),
(76, 44),
(77, 44),
(78, 44),
(79, 44),
(80, 44),
(81, 44),
(82, 44),
(83, 44),
(84, 44),
(85, 44),
(86, 44),
(87, 44),
(89, 44),
(90, 44),
(91, 44),
(92, 44),
(93, 44),
(94, 44),
(95, 44),
(96, 44),
(97, 44),
(98, 44),
(99, 44),
(100, 44),
(101, 44),
(102, 44),
(104, 44),
(106, 44),
(107, 44),
(108, 44),
(110, 44),
(111, 44),
(112, 44),
(113, 44),
(114, 44),
(115, 44),
(116, 44),
(117, 44),
(118, 44),
(119, 44),
(121, 44),
(122, 44),
(123, 44),
(124, 44),
(125, 44),
(126, 44),
(127, 44),
(128, 44),
(129, 44),
(130, 44),
(131, 44),
(133, 44),
(134, 44),
(135, 44),
(136, 44),
(137, 44),
(139, 44),
(140, 44),
(141, 44),
(142, 44),
(143, 44),
(144, 44),
(145, 44),
(146, 44),
(147, 44),
(148, 44),
(1, 45),
(4, 45),
(5, 45),
(6, 45),
(7, 45),
(8, 45),
(9, 45),
(10, 45),
(11, 45),
(12, 45),
(13, 45),
(15, 45),
(16, 45),
(17, 45),
(18, 45),
(19, 45),
(20, 45),
(21, 45),
(22, 45),
(23, 45),
(25, 45),
(26, 45),
(27, 45),
(28, 45),
(29, 45),
(31, 45),
(32, 45),
(34, 45),
(35, 45),
(36, 45),
(37, 45),
(38, 45),
(39, 45),
(40, 45),
(41, 45),
(42, 45),
(43, 45),
(44, 45),
(46, 45),
(47, 45),
(48, 45),
(49, 45),
(50, 45),
(51, 45),
(52, 45),
(54, 45),
(56, 45),
(57, 45),
(58, 45),
(59, 45),
(60, 45),
(61, 45),
(63, 45),
(64, 45),
(65, 45),
(66, 45),
(67, 45),
(68, 45),
(69, 45),
(70, 45),
(71, 45),
(72, 45),
(73, 45),
(74, 45),
(75, 45),
(76, 45),
(77, 45),
(78, 45),
(79, 45),
(80, 45),
(81, 45),
(82, 45),
(83, 45),
(84, 45),
(85, 45),
(86, 45),
(88, 45),
(89, 45),
(90, 45),
(91, 45),
(92, 45),
(93, 45),
(94, 45),
(95, 45),
(96, 45),
(97, 45),
(98, 45),
(99, 45),
(100, 45),
(101, 45),
(102, 45),
(103, 45),
(104, 45),
(105, 45),
(106, 45),
(107, 45),
(108, 45),
(109, 45),
(110, 45),
(111, 45),
(112, 45),
(113, 45),
(114, 45),
(115, 45),
(116, 45),
(117, 45),
(118, 45),
(119, 45),
(120, 45),
(121, 45),
(122, 45),
(124, 45),
(125, 45),
(126, 45),
(128, 45),
(129, 45),
(131, 45),
(132, 45),
(133, 45),
(134, 45),
(135, 45),
(136, 45),
(137, 45),
(138, 45),
(139, 45),
(140, 45),
(141, 45),
(142, 45),
(143, 45),
(144, 45),
(145, 45),
(146, 45),
(147, 45),
(148, 45),
(1, 46),
(2, 46),
(3, 46),
(4, 46),
(5, 46),
(7, 46),
(8, 46),
(9, 46),
(10, 46),
(11, 46),
(13, 46),
(14, 46),
(15, 46),
(16, 46),
(17, 46),
(18, 46),
(19, 46),
(20, 46),
(21, 46),
(22, 46),
(23, 46),
(24, 46),
(25, 46),
(26, 46),
(27, 46),
(28, 46),
(29, 46),
(30, 46),
(31, 46),
(33, 46),
(34, 46),
(37, 46),
(38, 46),
(39, 46),
(40, 46),
(41, 46),
(43, 46),
(44, 46),
(45, 46),
(46, 46),
(47, 46),
(50, 46),
(51, 46),
(52, 46),
(53, 46),
(54, 46),
(55, 46),
(56, 46),
(57, 46),
(58, 46),
(59, 46),
(60, 46),
(61, 46),
(62, 46),
(63, 46),
(64, 46),
(65, 46),
(66, 46),
(68, 46),
(69, 46),
(70, 46),
(71, 46),
(72, 46),
(73, 46),
(74, 46),
(75, 46),
(76, 46),
(77, 46),
(78, 46),
(79, 46),
(80, 46),
(81, 46),
(82, 46),
(83, 46),
(84, 46),
(85, 46),
(86, 46),
(87, 46),
(90, 46),
(91, 46),
(92, 46),
(93, 46),
(94, 46),
(95, 46),
(96, 46),
(97, 46),
(98, 46),
(99, 46),
(100, 46),
(101, 46),
(102, 46),
(104, 46),
(106, 46),
(107, 46),
(108, 46),
(110, 46),
(111, 46),
(112, 46),
(113, 46),
(114, 46),
(116, 46),
(117, 46),
(118, 46),
(119, 46),
(121, 46),
(122, 46),
(123, 46),
(124, 46),
(125, 46),
(126, 46),
(127, 46),
(128, 46),
(129, 46),
(130, 46),
(131, 46),
(133, 46),
(134, 46),
(135, 46),
(136, 46),
(137, 46),
(139, 46),
(140, 46),
(141, 46),
(142, 46),
(143, 46),
(144, 46),
(145, 46),
(146, 46),
(147, 46),
(148, 46),
(1, 47),
(2, 47),
(3, 47),
(4, 47),
(5, 47),
(7, 47),
(9, 47),
(11, 47),
(12, 47),
(13, 47),
(14, 47),
(15, 47),
(16, 47),
(18, 47),
(19, 47),
(21, 47),
(22, 47),
(23, 47),
(24, 47),
(25, 47),
(26, 47),
(28, 47),
(29, 47),
(31, 47),
(32, 47),
(33, 47),
(34, 47),
(35, 47),
(36, 47),
(37, 47),
(38, 47),
(40, 47),
(43, 47),
(44, 47),
(46, 47),
(47, 47),
(48, 47),
(49, 47),
(50, 47),
(51, 47),
(52, 47),
(53, 47),
(55, 47),
(57, 47),
(58, 47),
(60, 47),
(61, 47),
(63, 47),
(64, 47),
(66, 47),
(67, 47),
(68, 47),
(69, 47),
(70, 47),
(71, 47),
(72, 47),
(74, 47),
(75, 47),
(77, 47),
(78, 47),
(79, 47),
(81, 47),
(82, 47),
(83, 47),
(84, 47),
(85, 47),
(87, 47),
(88, 47),
(89, 47),
(90, 47),
(91, 47),
(92, 47),
(93, 47),
(95, 47),
(96, 47),
(97, 47),
(100, 47),
(101, 47),
(102, 47),
(103, 47),
(105, 47),
(106, 47),
(107, 47),
(108, 47),
(109, 47),
(110, 47),
(111, 47),
(112, 47),
(113, 47),
(115, 47),
(116, 47),
(117, 47),
(118, 47),
(119, 47),
(121, 47),
(122, 47),
(123, 47),
(124, 47),
(125, 47),
(126, 47),
(127, 47),
(129, 47),
(130, 47),
(131, 47),
(133, 47),
(134, 47),
(135, 47),
(136, 47),
(137, 47),
(138, 47),
(139, 47),
(140, 47),
(141, 47),
(142, 47),
(143, 47),
(144, 47),
(147, 47),
(1, 48),
(3, 48),
(4, 48),
(5, 48),
(7, 48),
(9, 48),
(12, 48),
(13, 48),
(14, 48),
(15, 48),
(16, 48),
(17, 48),
(18, 48),
(19, 48),
(21, 48),
(22, 48),
(24, 48),
(25, 48),
(26, 48),
(27, 48),
(29, 48),
(31, 48),
(32, 48),
(33, 48),
(34, 48),
(35, 48),
(36, 48),
(37, 48),
(38, 48),
(40, 48),
(42, 48),
(43, 48),
(44, 48),
(46, 48),
(47, 48),
(48, 48),
(49, 48),
(50, 48),
(51, 48),
(52, 48),
(53, 48),
(54, 48),
(55, 48),
(57, 48),
(58, 48),
(60, 48),
(61, 48),
(63, 48),
(64, 48),
(67, 48),
(68, 48),
(70, 48),
(71, 48),
(72, 48),
(74, 48),
(75, 48),
(77, 48),
(78, 48),
(79, 48),
(81, 48),
(82, 48),
(83, 48),
(84, 48),
(85, 48),
(87, 48),
(89, 48),
(90, 48),
(92, 48),
(93, 48),
(94, 48),
(95, 48),
(96, 48),
(97, 48),
(100, 48),
(101, 48),
(102, 48),
(103, 48),
(105, 48),
(106, 48),
(107, 48),
(108, 48),
(109, 48),
(110, 48),
(112, 48),
(113, 48),
(115, 48),
(116, 48),
(117, 48),
(118, 48),
(119, 48),
(121, 48),
(122, 48),
(123, 48),
(124, 48),
(125, 48),
(126, 48),
(127, 48),
(130, 48),
(131, 48),
(132, 48),
(134, 48),
(135, 48),
(137, 48),
(138, 48),
(140, 48),
(141, 48),
(142, 48),
(143, 48),
(144, 48),
(147, 48),
(1, 49),
(3, 49),
(4, 49),
(5, 49),
(7, 49),
(8, 49),
(10, 49),
(12, 49),
(13, 49),
(14, 49),
(16, 49),
(17, 49),
(18, 49),
(19, 49),
(21, 49),
(22, 49),
(23, 49),
(24, 49),
(26, 49),
(27, 49),
(28, 49),
(29, 49),
(30, 49),
(31, 49),
(32, 49),
(36, 49),
(37, 49),
(38, 49),
(40, 49),
(42, 49),
(43, 49),
(44, 49),
(46, 49),
(47, 49),
(48, 49),
(49, 49),
(50, 49),
(51, 49),
(52, 49),
(53, 49),
(54, 49),
(55, 49),
(57, 49),
(58, 49),
(60, 49),
(61, 49),
(63, 49),
(64, 49),
(67, 49),
(68, 49),
(69, 49),
(70, 49),
(71, 49),
(72, 49),
(73, 49),
(74, 49),
(75, 49),
(77, 49),
(78, 49),
(79, 49),
(81, 49),
(82, 49),
(83, 49),
(84, 49),
(85, 49),
(87, 49),
(89, 49),
(90, 49),
(92, 49),
(93, 49),
(94, 49),
(95, 49),
(96, 49),
(97, 49),
(100, 49),
(101, 49),
(102, 49),
(103, 49),
(105, 49),
(106, 49),
(107, 49),
(108, 49),
(109, 49),
(110, 49),
(112, 49),
(113, 49),
(115, 49),
(116, 49),
(117, 49),
(118, 49),
(119, 49),
(121, 49),
(122, 49),
(123, 49),
(124, 49),
(125, 49),
(126, 49),
(127, 49),
(130, 49),
(131, 49),
(132, 49),
(133, 49),
(134, 49),
(135, 49),
(137, 49),
(138, 49),
(140, 49),
(141, 49),
(142, 49),
(143, 49),
(144, 49),
(145, 49),
(147, 49),
(2, 50),
(3, 50),
(4, 50),
(5, 50),
(6, 50),
(7, 50),
(8, 50),
(9, 50),
(10, 50),
(11, 50),
(13, 50),
(14, 50),
(15, 50),
(16, 50),
(17, 50),
(18, 50),
(19, 50),
(20, 50),
(21, 50),
(22, 50),
(23, 50),
(24, 50),
(25, 50),
(26, 50),
(27, 50),
(28, 50),
(29, 50),
(30, 50),
(32, 50),
(33, 50),
(34, 50),
(35, 50),
(36, 50),
(37, 50),
(38, 50),
(39, 50),
(40, 50),
(42, 50),
(43, 50),
(46, 50),
(47, 50),
(48, 50),
(49, 50),
(50, 50),
(51, 50),
(52, 50),
(53, 50),
(55, 50),
(57, 50),
(58, 50),
(60, 50),
(61, 50),
(63, 50),
(64, 50),
(67, 50),
(68, 50),
(69, 50),
(70, 50),
(71, 50),
(72, 50),
(73, 50),
(74, 50),
(75, 50),
(77, 50),
(78, 50),
(79, 50),
(81, 50),
(82, 50),
(83, 50),
(84, 50),
(85, 50),
(87, 50),
(89, 50),
(90, 50),
(91, 50),
(92, 50),
(93, 50),
(94, 50),
(95, 50),
(96, 50),
(97, 50),
(100, 50),
(101, 50),
(102, 50),
(103, 50),
(105, 50),
(106, 50),
(107, 50),
(108, 50),
(109, 50),
(110, 50),
(113, 50),
(115, 50),
(116, 50),
(117, 50),
(118, 50),
(119, 50),
(120, 50),
(121, 50),
(122, 50),
(123, 50),
(124, 50),
(125, 50),
(126, 50),
(127, 50),
(130, 50),
(131, 50),
(132, 50),
(133, 50),
(134, 50),
(135, 50),
(137, 50),
(138, 50),
(139, 50),
(140, 50),
(141, 50),
(142, 50),
(143, 50),
(144, 50),
(145, 50),
(147, 50),
(1, 51),
(2, 51),
(4, 51),
(5, 51),
(6, 51),
(7, 51),
(9, 51),
(10, 51),
(11, 51),
(12, 51),
(13, 51),
(14, 51),
(15, 51),
(16, 51),
(17, 51),
(19, 51),
(20, 51),
(21, 51),
(23, 51),
(24, 51),
(25, 51),
(26, 51),
(27, 51),
(28, 51),
(29, 51),
(30, 51),
(31, 51),
(32, 51),
(33, 51),
(34, 51),
(36, 51),
(37, 51),
(38, 51),
(39, 51),
(40, 51),
(42, 51),
(43, 51),
(44, 51),
(46, 51),
(47, 51),
(48, 51),
(49, 51),
(50, 51);
INSERT INTO `attendance` (`roll_call_id`, `student_id`) VALUES
(51, 51),
(52, 51),
(53, 51),
(54, 51),
(55, 51),
(57, 51),
(58, 51),
(60, 51),
(61, 51),
(63, 51),
(64, 51),
(67, 51),
(68, 51),
(69, 51),
(70, 51),
(71, 51),
(72, 51),
(73, 51),
(74, 51),
(75, 51),
(77, 51),
(78, 51),
(79, 51),
(80, 51),
(81, 51),
(82, 51),
(83, 51),
(84, 51),
(85, 51),
(86, 51),
(87, 51),
(88, 51),
(89, 51),
(90, 51),
(91, 51),
(92, 51),
(93, 51),
(94, 51),
(95, 51),
(96, 51),
(97, 51),
(98, 51),
(100, 51),
(101, 51),
(102, 51),
(103, 51),
(105, 51),
(106, 51),
(107, 51),
(108, 51),
(109, 51),
(110, 51),
(112, 51),
(113, 51),
(115, 51),
(116, 51),
(117, 51),
(118, 51),
(119, 51),
(120, 51),
(121, 51),
(122, 51),
(123, 51),
(124, 51),
(125, 51),
(126, 51),
(127, 51),
(129, 51),
(130, 51),
(131, 51),
(132, 51),
(133, 51),
(134, 51),
(135, 51),
(137, 51),
(138, 51),
(139, 51),
(140, 51),
(141, 51),
(142, 51),
(143, 51),
(144, 51),
(145, 51),
(147, 51),
(1, 52),
(2, 52),
(3, 52),
(4, 52),
(5, 52),
(6, 52),
(7, 52),
(8, 52),
(9, 52),
(10, 52),
(12, 52),
(13, 52),
(14, 52),
(15, 52),
(16, 52),
(17, 52),
(18, 52),
(20, 52),
(21, 52),
(22, 52),
(23, 52),
(25, 52),
(26, 52),
(27, 52),
(28, 52),
(30, 52),
(31, 52),
(33, 52),
(34, 52),
(35, 52),
(36, 52),
(37, 52),
(38, 52),
(39, 52),
(40, 52),
(41, 52),
(42, 52),
(43, 52),
(44, 52),
(45, 52),
(46, 52),
(47, 52),
(48, 52),
(49, 52),
(50, 52),
(51, 52),
(52, 52),
(53, 52),
(54, 52),
(55, 52),
(57, 52),
(58, 52),
(60, 52),
(61, 52),
(63, 52),
(64, 52),
(67, 52),
(68, 52),
(69, 52),
(70, 52),
(71, 52),
(72, 52),
(73, 52),
(74, 52),
(75, 52),
(77, 52),
(78, 52),
(79, 52),
(80, 52),
(81, 52),
(82, 52),
(83, 52),
(84, 52),
(85, 52),
(86, 52),
(87, 52),
(88, 52),
(89, 52),
(90, 52),
(91, 52),
(92, 52),
(93, 52),
(94, 52),
(95, 52),
(96, 52),
(97, 52),
(98, 52),
(100, 52),
(101, 52),
(102, 52),
(103, 52),
(105, 52),
(106, 52),
(107, 52),
(108, 52),
(109, 52),
(110, 52),
(112, 52),
(113, 52),
(115, 52),
(116, 52),
(117, 52),
(118, 52),
(119, 52),
(120, 52),
(121, 52),
(122, 52),
(123, 52),
(124, 52),
(125, 52),
(126, 52),
(127, 52),
(128, 52),
(129, 52),
(130, 52),
(131, 52),
(132, 52),
(133, 52),
(134, 52),
(135, 52),
(136, 52),
(137, 52),
(138, 52),
(139, 52),
(140, 52),
(141, 52),
(142, 52),
(143, 52),
(144, 52),
(145, 52),
(147, 52),
(1, 53),
(2, 53),
(3, 53),
(5, 53),
(7, 53),
(8, 53),
(10, 53),
(11, 53),
(12, 53),
(13, 53),
(15, 53),
(16, 53),
(17, 53),
(18, 53),
(19, 53),
(20, 53),
(22, 53),
(23, 53),
(24, 53),
(25, 53),
(26, 53),
(27, 53),
(29, 53),
(30, 53),
(31, 53),
(32, 53),
(33, 53),
(34, 53),
(35, 53),
(38, 53),
(39, 53),
(40, 53),
(41, 53),
(43, 53),
(44, 53),
(45, 53),
(46, 53),
(47, 53),
(48, 53),
(49, 53),
(50, 53),
(51, 53),
(52, 53),
(53, 53),
(54, 53),
(55, 53),
(56, 53),
(57, 53),
(58, 53),
(59, 53),
(60, 53),
(61, 53),
(62, 53),
(63, 53),
(64, 53),
(65, 53),
(66, 53),
(67, 53),
(68, 53),
(69, 53),
(70, 53),
(71, 53),
(72, 53),
(73, 53),
(74, 53),
(75, 53),
(76, 53),
(77, 53),
(78, 53),
(79, 53),
(80, 53),
(81, 53),
(82, 53),
(83, 53),
(84, 53),
(85, 53),
(86, 53),
(87, 53),
(88, 53),
(89, 53),
(90, 53),
(91, 53),
(92, 53),
(93, 53),
(94, 53),
(95, 53),
(96, 53),
(97, 53),
(98, 53),
(99, 53),
(100, 53),
(101, 53),
(103, 53),
(104, 53),
(105, 53),
(106, 53),
(107, 53),
(108, 53),
(109, 53),
(110, 53),
(111, 53),
(112, 53),
(113, 53),
(114, 53),
(115, 53),
(116, 53),
(117, 53),
(118, 53),
(119, 53),
(120, 53),
(121, 53),
(122, 53),
(123, 53),
(124, 53),
(125, 53),
(126, 53),
(127, 53),
(128, 53),
(129, 53),
(130, 53),
(131, 53),
(132, 53),
(133, 53),
(134, 53),
(135, 53),
(136, 53),
(137, 53),
(139, 53),
(140, 53),
(141, 53),
(142, 53),
(143, 53),
(144, 53),
(145, 53),
(146, 53),
(147, 53),
(148, 53),
(1, 54),
(3, 54),
(4, 54),
(5, 54),
(6, 54),
(7, 54),
(9, 54),
(10, 54),
(11, 54),
(12, 54),
(14, 54),
(15, 54),
(16, 54),
(17, 54),
(19, 54),
(20, 54),
(21, 54),
(22, 54),
(23, 54),
(24, 54),
(25, 54),
(26, 54),
(27, 54),
(28, 54),
(29, 54),
(30, 54),
(31, 54),
(32, 54),
(33, 54),
(34, 54),
(36, 54),
(37, 54),
(39, 54),
(40, 54),
(41, 54),
(42, 54),
(44, 54),
(45, 54),
(46, 54),
(47, 54),
(48, 54),
(49, 54),
(50, 54),
(51, 54),
(52, 54),
(53, 54),
(55, 54),
(56, 54),
(57, 54),
(58, 54),
(59, 54),
(60, 54),
(61, 54),
(62, 54),
(63, 54),
(64, 54),
(66, 54),
(67, 54),
(68, 54),
(69, 54),
(70, 54),
(71, 54),
(72, 54),
(73, 54),
(74, 54),
(75, 54),
(76, 54),
(77, 54),
(78, 54),
(79, 54),
(80, 54),
(81, 54),
(82, 54),
(83, 54),
(84, 54),
(85, 54),
(86, 54),
(87, 54),
(89, 54),
(90, 54),
(91, 54),
(93, 54),
(94, 54),
(95, 54),
(96, 54),
(97, 54),
(98, 54),
(99, 54),
(100, 54),
(101, 54),
(102, 54),
(103, 54),
(104, 54),
(105, 54),
(106, 54),
(107, 54),
(108, 54),
(109, 54),
(110, 54),
(111, 54),
(113, 54),
(114, 54),
(115, 54),
(116, 54),
(117, 54),
(118, 54),
(121, 54),
(122, 54),
(123, 54),
(124, 54),
(125, 54),
(126, 54),
(127, 54),
(128, 54),
(129, 54),
(130, 54),
(131, 54),
(132, 54),
(133, 54),
(134, 54),
(135, 54),
(136, 54),
(137, 54),
(138, 54),
(139, 54),
(140, 54),
(141, 54),
(142, 54),
(143, 54),
(144, 54),
(146, 54),
(147, 54),
(148, 54),
(1, 55),
(2, 55),
(4, 55),
(5, 55),
(6, 55),
(7, 55),
(9, 55),
(11, 55),
(12, 55),
(13, 55),
(14, 55),
(15, 55),
(18, 55),
(19, 55),
(20, 55),
(21, 55),
(22, 55),
(23, 55),
(24, 55),
(25, 55),
(28, 55),
(29, 55),
(30, 55),
(31, 55),
(32, 55),
(33, 55),
(34, 55),
(35, 55),
(36, 55),
(37, 55),
(38, 55),
(39, 55),
(40, 55),
(41, 55),
(42, 55),
(43, 55),
(45, 55),
(46, 55),
(47, 55),
(48, 55),
(49, 55),
(50, 55),
(51, 55),
(52, 55),
(53, 55),
(56, 55),
(57, 55),
(58, 55),
(59, 55),
(60, 55),
(61, 55),
(62, 55),
(63, 55),
(64, 55),
(66, 55),
(67, 55),
(68, 55),
(69, 55),
(70, 55),
(71, 55),
(72, 55),
(73, 55),
(74, 55),
(75, 55),
(76, 55),
(77, 55),
(78, 55),
(79, 55),
(80, 55),
(81, 55),
(82, 55),
(83, 55),
(84, 55),
(85, 55),
(86, 55),
(87, 55),
(89, 55),
(90, 55),
(91, 55),
(93, 55),
(94, 55),
(95, 55),
(96, 55),
(97, 55),
(98, 55),
(99, 55),
(100, 55),
(101, 55),
(102, 55),
(103, 55),
(104, 55),
(105, 55),
(106, 55),
(107, 55),
(108, 55),
(109, 55),
(110, 55),
(111, 55),
(113, 55),
(114, 55),
(115, 55),
(116, 55),
(117, 55),
(118, 55),
(121, 55),
(122, 55),
(123, 55),
(125, 55),
(126, 55),
(127, 55),
(128, 55),
(129, 55),
(130, 55),
(131, 55),
(132, 55),
(133, 55),
(134, 55),
(135, 55),
(136, 55),
(137, 55),
(138, 55),
(140, 55),
(141, 55),
(142, 55),
(143, 55),
(144, 55),
(146, 55),
(147, 55),
(148, 55),
(2, 56),
(3, 56),
(4, 56),
(5, 56),
(6, 56),
(8, 56),
(9, 56),
(10, 56),
(11, 56),
(14, 56),
(15, 56),
(16, 56),
(17, 56),
(18, 56),
(20, 56),
(22, 56),
(24, 56),
(26, 56),
(27, 56),
(28, 56),
(29, 56),
(31, 56),
(32, 56),
(34, 56),
(35, 56),
(36, 56),
(37, 56),
(38, 56),
(39, 56),
(40, 56),
(41, 56),
(42, 56),
(43, 56),
(45, 56),
(46, 56),
(47, 56),
(48, 56),
(49, 56),
(50, 56),
(51, 56),
(52, 56),
(53, 56),
(56, 56),
(57, 56),
(58, 56),
(59, 56),
(60, 56),
(61, 56),
(62, 56),
(63, 56),
(64, 56),
(66, 56),
(67, 56),
(68, 56),
(69, 56),
(70, 56),
(71, 56),
(72, 56),
(73, 56),
(74, 56),
(75, 56),
(76, 56),
(77, 56),
(78, 56),
(79, 56),
(80, 56),
(81, 56),
(82, 56),
(83, 56),
(84, 56),
(85, 56),
(86, 56),
(87, 56),
(89, 56),
(90, 56),
(91, 56),
(93, 56),
(94, 56),
(95, 56),
(96, 56),
(97, 56),
(98, 56),
(99, 56),
(100, 56),
(101, 56),
(102, 56),
(103, 56),
(104, 56),
(105, 56),
(106, 56),
(107, 56),
(108, 56),
(109, 56),
(111, 56),
(113, 56),
(114, 56),
(115, 56),
(116, 56),
(117, 56),
(118, 56),
(121, 56),
(122, 56),
(125, 56),
(126, 56),
(127, 56),
(128, 56),
(129, 56),
(130, 56),
(131, 56),
(132, 56),
(133, 56),
(134, 56),
(136, 56),
(138, 56),
(140, 56),
(141, 56),
(142, 56),
(143, 56),
(144, 56),
(146, 56),
(147, 56),
(148, 56),
(1, 57),
(3, 57),
(6, 57),
(7, 57),
(8, 57),
(9, 57),
(10, 57),
(12, 57),
(13, 57),
(14, 57),
(15, 57),
(16, 57),
(17, 57),
(18, 57),
(19, 57),
(20, 57),
(21, 57),
(22, 57),
(23, 57),
(25, 57),
(26, 57),
(27, 57),
(28, 57),
(29, 57),
(30, 57),
(32, 57),
(33, 57),
(34, 57),
(35, 57),
(36, 57),
(37, 57),
(38, 57),
(39, 57),
(40, 57),
(41, 57),
(42, 57),
(43, 57),
(45, 57),
(46, 57),
(47, 57),
(48, 57),
(49, 57),
(50, 57),
(51, 57),
(52, 57),
(53, 57),
(56, 57),
(57, 57),
(58, 57),
(59, 57),
(60, 57),
(61, 57),
(62, 57),
(63, 57),
(64, 57),
(66, 57),
(67, 57),
(68, 57),
(69, 57),
(70, 57),
(71, 57),
(72, 57),
(73, 57),
(74, 57),
(75, 57),
(76, 57),
(77, 57),
(78, 57),
(79, 57),
(80, 57),
(81, 57),
(82, 57),
(83, 57),
(84, 57),
(85, 57),
(86, 57),
(87, 57),
(90, 57),
(91, 57),
(93, 57),
(94, 57),
(95, 57),
(96, 57),
(98, 57),
(99, 57),
(100, 57),
(101, 57),
(102, 57),
(103, 57),
(104, 57),
(105, 57),
(106, 57),
(109, 57),
(111, 57),
(113, 57),
(114, 57),
(115, 57),
(116, 57),
(117, 57),
(118, 57),
(121, 57),
(122, 57),
(125, 57),
(126, 57),
(127, 57),
(129, 57),
(130, 57),
(131, 57),
(132, 57),
(133, 57),
(135, 57),
(136, 57),
(137, 57),
(138, 57),
(140, 57),
(141, 57),
(142, 57),
(143, 57),
(144, 57),
(146, 57),
(148, 57),
(4, 58),
(5, 58),
(7, 58),
(8, 58),
(10, 58),
(11, 58),
(12, 58),
(13, 58),
(14, 58),
(16, 58),
(17, 58),
(19, 58),
(20, 58),
(21, 58),
(24, 58),
(25, 58),
(26, 58),
(27, 58),
(28, 58),
(29, 58),
(30, 58),
(31, 58),
(32, 58),
(34, 58),
(36, 58),
(37, 58),
(38, 58),
(39, 58),
(40, 58),
(41, 58),
(42, 58),
(43, 58),
(44, 58),
(46, 58),
(47, 58),
(48, 58),
(50, 58),
(51, 58),
(53, 58),
(55, 58),
(56, 58),
(57, 58),
(58, 58),
(59, 58),
(60, 58),
(61, 58),
(62, 58),
(64, 58),
(66, 58),
(67, 58),
(70, 58),
(71, 58),
(72, 58),
(73, 58),
(74, 58),
(75, 58),
(77, 58),
(78, 58),
(81, 58),
(83, 58),
(86, 58),
(87, 58),
(89, 58),
(91, 58),
(93, 58),
(94, 58),
(96, 58),
(97, 58),
(98, 58),
(100, 58),
(101, 58),
(102, 58),
(103, 58),
(104, 58),
(105, 58),
(106, 58),
(107, 58),
(108, 58),
(109, 58),
(111, 58),
(114, 58),
(116, 58),
(117, 58),
(118, 58),
(120, 58),
(122, 58),
(123, 58),
(124, 58),
(127, 58),
(128, 58),
(130, 58),
(132, 58),
(133, 58),
(134, 58),
(135, 58),
(136, 58),
(137, 58),
(139, 58),
(141, 58),
(143, 58),
(145, 58),
(146, 58),
(147, 58);
